url,question,answer,manual quote 1,manual quote 2,manual quote 3,manual quote 4,manual quote 5,manual quote 6,manual quote 7,manual quote 8
https://boardgamegeek.com/thread/2096967/double-rail-to-coal-source,May I connect another players brewery with two new railways and then pickup his beer for the actions costs?,"When laying two rail links, each one is considered a separate construction, so the first must connect to coal before the second is built. However, since only one beer is required, it is only the second rail that must have access to beer after being built. (Use normal rules to access beer.)","In a single Network action, you may build a maximum of 2 rail Links for £15, if you also consume 1 beer. This beer must be consumed from a Brewery (not a Merchant beer).
Remember: If consuming beer from another player’s Brewery, it must be connected to the second rail Link (after it is placed)","You must consume 1 coal for each
rail Link built (see “Consuming Coal”)
Remember: Each rail Link is placed
separately and must be connected to a
source of coal (after it is placed).",,,,,,
https://boardgamegeek.com/thread/2901920/which-comes-first-the-coal-or-the-railroad,"Since you need coal to build a rail link, and assuming there aren't any existing links on the board, are Coal market adjacent tracks the only place we can build rail links in the Rail Era?","To consume coal, you need to be connected to a market or an unflipped coal mine after it is placed.","To consume coal, a rail Link or Industry tile must be connected to a source of coal (after it is placed).",Coal must be consumed from: 1 The closest (fewest Link tiles distant) connected unflipped Coal Mine,"2 If you are not connected to an unflipped Coal Mine, you can purchase coal from the Coal Market",,,,,
https://boardgamegeek.com/thread/3087643/cards-and-rounds,"In a 4 player game, there are 64 action cards. Every player puts one card face down beneath his player board, so 60 cards are remaining. Each epoch has 8 rounds, 2 cards are played per player per round. That gives 8*2*4 = 64 required cards. Is it correct?","Yes, the first round of the game has only one action per player, so at the end of first round every player has 2 card in the discard pile. From the 2nd round on every player proceeds with the usual 2 actions.",Player Area Setup:,"8- Draw 8 cards from the Draw Deck; this is your Hand. Do not reveal your Hand to other players.
9- Draw 1 additional card from the Draw Deck and place it face down in your player area; this is your Discard Pile. ",There are exactly 8/9/10 rounds per era in a 4/3/2-players game.,"On your turn, perform a total of 2 actions.
Exception: During the first round of the Canal Era, each player performs only 1 action. 

For each action you perform, you must discard a card from your Hand and place it face up on top of your Discard Pile.",,,,
https://boardgamegeek.com/thread/2039509/overbuilding-multiple-questions,"When an industry tile is overbuilt, the new industry tile is placed in its unflipped state, regardless of whether the original tile was flipped. Is that correct?","Yes, unflipped state. You've essentially torn down the old factory, built a new on in its place and still need to sell its goods.",Sometimes you are allowed to replace an already placed Industry tile with a higher-level tile of the same industry type (you must still pay the necessary build costs). This is known as Overbuilding.,You may Overbuild any of your Industry tiles without restriction.,,,,,,
https://boardgamegeek.com/thread/2546912/minor-rules-to-be-confirmed,"Let's suppose, at one market location, one merchant tile buys manufactures and the other merchant tile buys all of manufacturer, mill and pottery and both have common beer still available. If I am selling manufacturer of my own, can I take the beer from the second merchant tile first where it accepts all of them?","You have a free choice of which beer to use, and in this case I really can't see any reason why you wouldn't grab the all-goods merchant beer.",To perform the Sell action,"Choose 1 of your unflipped Cotton Mill, Manufacturer, or Pottery tiles, that is connected to a Merchant tile featuring that industry’s icon","Consume the required amount of beer, shown in the top right corner of the Industry tile. If there is a beer barrel on the space beside the Merchant tile you are selling to, you may consume this beer as part of the Sell action, and collect the Merchant beer bonus (see “Merchant Beer Bonuses”)",,,,,
https://boardgamegeek.com/thread/3076148/when-to-draw-when-to-place-spent-pounds,"Is our way of playing is correct?
1) Play a card, declare your action, any associated cost instantly goes next to your player marker NOT the card. 
2) Draw a card to fill back up to 8 
3) Play your second card using the same rules as #1 on this example 
4) Instantly redraw back up to 8 
5) Money goes to the bank, then income is done (can be plus or minus depending on income track marker) 
6) Everyone already has 8 cards so no redraw required 
7) Next turn in order of player marker","It is correct except you don’t draw cards until both of your cards are spent so that your turn is over, then you refill your hand up to 8 by drawing 2 (unless the deck is empty).  It’s in the rulebook under “player turns”.","On your turn, perform a total of 2 actions.
Exception: During the first round of the Canal Era, each player performs only 1 action. ","For each action you perform, you must discard a card from your Hand and place it face up on top of your Discard Pile.","After all of your actions have been completed, refill your Hand back up to 8 cards with cards from the Draw Deck",Place all money spent during your turn on top of your Character tile on the Turn Order Track.,"After all players have taken their turn, perform the following steps before moving on to the next round:",1- Determine turn order for the next round Rearrange the Character tiles on the Turn Order Track,"Afterwards, take all money from the Character tiles, and place it back into the Bank","2- Take Income 
Take money from the Bank equal to your income level. 
Exception: Income is not collected at the end of the final round of the game."
https://boardgamegeek.com/thread/2940970/remove-coal-on-level-1-mines-at-the-end-of-canal-p,What about remaining coal cubes which are on the level 1 mines at the end of canal phase?,All level 1 tiles and any remaining resources on them get removed.,"End of Canal Era
Perform the following additional steps at the
end of the Canal Era:","Remove all level 1 Industry tiles from the board (not from Player Mats), and return them to the box. All level 2 or greater Industry tiles remain on the board.",,,,,,
https://boardgamegeek.com/thread/2590724/consuming-merchant-beers-one-token-two-beers,Can I use two beers from two merchants to sell one industry token that needs two beers to be flipped?,Negative. Merchants won't share beer. To sell any 2 beer item you'll need at least one beer from the board.,Note: You cannot perform the Sell action if you cannot consume the required beer (see “Consuming Beer”).,Beer may be consumed from any of the following sources: ,3- The space beside a Merchant tile that you are selling to (see “Action - Sell”).,,,,,
https://boardgamegeek.com/thread/2731291/am-i-connected-to-the-coal,"Are you connected to coal via indirect routes (routes that are not entirely your own links), if there are empty cities between?","Yeah. Even if you don't have industry in a city, when you are connected when there are links between.",Two locations are considered “connected” to each other if you can trace a route of Link tiles (owned by any player) from one location to the other ,,,,,,,
https://boardgamegeek.com/thread/2891606/merchants-tiles,"Are merchant's tiles considered locations for connection? If there are link tiles on Gloucester - Redditch, Redditch - Oxford, Oxford- Birmingham, Birmingham - Coventry, is Gloucester considered connected to Coventry?",Yes that is how it works.,Two locations are considered “connected” to each other if you can trace a route of Link tiles (owned by any player) from one location to the other ,,,,,,,
https://boardgamegeek.com/thread/2979960/in-2-or-3-player-game,Can I use Wild location card to build something on the banned location?,"You could. Those locations are not 'banned', there aren't just any cards for them, so building industries there is harder.","Wild Location card:
May be played as any Location card. This does not include the 2 Farm Breweries (see “Farm Breweries”). ",Note: In 2/3-player games you may still build in any location,,,,,,
https://boardgamegeek.com/thread/2522379/clarification-scouting-with-two-cards-left,"If we only have two cards left in the hand (end of round), can we discard a card and then just swap the remaining one for a wildcard, or is scouting impossible?","You can't scout in this case. You have to discard 1 card anyway which leaves you with only 1 card, so you can't discard 2 further cards as required by the action.","To perform the Scout action:
1 Discard any card from your Hand, plus 2 additional cards and place them face up onto your Discard Pile.",,,,,,,
https://boardgamegeek.com/thread/2246771/discard-of-one-card-per-player-also-during-setup-o,"During the setup of the the canal era, one card per player is discarded, Is it the same during the setup of rail era? ",First round of canal era you perform one action. First round of rail era you perform two actions. Doing only one action and burning a card in the canal era discards two cards. Doing two actions in the rail era discards two cards.,"On your turn, perform a total of 2 actions.
Exception: During the first round of the Canal Era, each player performs only 1 action. 

For each action you perform, you must discard a card from your Hand and place it face up on top of your Discard Pile.",Player Area Setup:,"8- Draw 8 cards from the Draw Deck; this is your Hand. Do not reveal your Hand to other players.
9- Draw 1 additional card from the Draw Deck and place it face down in your player area; this is your Discard Pile. ",Remember:,Don’t start the Rail Era with a card face down in your discard,,,
https://boardgamegeek.com/thread/3270323/market-solid-tiles,We do not fill the 1 coal and 2 iron solid tiles in the market. Is this correct that we always leave them empty even after setup?,"Nope, they're only empty during setup. After that they can fill up if people manage to send coal/iron to the market.","Moving Coal and Iron to the Market:
If you build either a: Coal Mine that is connected to any Merchant space double arrows symbol (even those without Merchant tiles);
Or
Iron Works, regardless of whether or not it is connected to a Merchant space:
You must immediately move as many cubes as possible from the Industry tile to available spaces in its associated Market (filling the most expensive spaces first).",,,,,,,
https://boardgamegeek.com/thread/2097216/clarification-link-scoring-and-turn-order-to-start,"When scoring links at the end of each era, do you only score for the tiles that are yours that are flipped or are you also able to score for an opponent’s flipped tile in the same city?","You score for all flipped tiles on either end of the link, yours or your opponents. Basically you are being rewarded for having built infrastructure that allowed for the creation of industry, no matter who then funded the industry.",END OF CANAL & RAIL ERA,"1- Score Canal/Rail Links
For each of your Link tiles, score 1 VP for each symbol (black hexagon with white borders and a horizontal white line in it) displayed in adjacent locations, by advancing your VP Marker along the Progress Track. Remove Link tiles from the board as they are scored.",,,,,,
https://boardgamegeek.com/thread/2048732/build-in-locations-with-less-than-4-players,"The rules say that certain locations ""are not in the Draw deck"" but, can I build links and therefore build industries in these locations with Industry cards?","Yes, you may.",Note: In 2/3-player games you may still build in any location,,,,,,,
https://boardgamegeek.com/thread/3119257/can-you-build-thru-a-location-completely-occupied,"Assuming I have no adjacent Link to a location, Can I build a link out of a city from industry tiles not belonging to me?","You cannot build a link out of your network. Look at what the rulebook says: ""A location on the board is considered part of your network if at least one of the following is true: 1- The location contains one or more of your Industry tiles; 2- The location is adjacent to one or more of your link tiles"".",To perform the Network Action:,Place a Link tile on an undeveloped line on the board. The placed Link tile must be adjacent to a location that is a part of your network (see “Your Network”).,"A location on the board is considered to be a part of your network if at least one of the following is true:
- The location contains one or more of your Industry tiles;
- The location is adjacent to one or more of your Link tiles",,,,,
https://boardgamegeek.com/thread/2933473/official-ruling-needed-from-designer-on-coal-purch,"if I built an Industry Tile that requires two coal, and it is equally close to two Coal Mines (assuming both mines have more than 1 coal), can I consume 1 coal each from both mines?","When both mines are at equal distance, choose one and consume the necessary coal. If you need more coal than present, then you can switch to a second coal mine.There is no ambiguity here","If multiple Coal Mines are equally close, choose one. If a Coal Mine runs out of coal, and you need more, choose the next closest Coal Mine. Consuming coal in this way is free.",,,,,,,
https://boardgamegeek.com/thread/2323092/perform-the-same-action-twice,"At page 9, after the build action: ""Note: In 2/3-player games you may still build in any location"" Is it only refer for that you can still build that cities that restricted for 4 players?","Yes. What the rules state is that you may build on a location that is not in play, they aren’t restricted, just difficult to access. Since you don’t have the cards for those locations, the way to build there is with a wild or through connection, which then becomes your network you can build on a location that is not in play.",Note: In 2/3-player games you may still build in any location.,"Building If You Have No Tiles on the Board
If you have no Industry or Link tiles on the board, you may also (as an action) discard:
- An Industry card to build the matching Industry tile in any location with an undeveloped space displaying that industry’s icon;","Wild Location card:
May be played as any Location card. This does not include the 2 Farm Breweries (see “Farm Breweries”). 
Industry card:
May be used to build the Industry tile matching an icon shown in the top corner of the card, in a location that is a part of your network.
Wild Industry card:
May be played as any Industry card.","A location on the board is considered to be a part of your network if at least one of the following is true:
- The location contains one or more of your Industry tiles;
- The location is adjacent to one or more of your Link tiles",,,,
https://boardgamegeek.com/thread/2043414/merchant-beer-bonuses,If I'm using bonus Develop (Gloucester) should I use an iron?,"No, definitely not. Page 10, Merchant beer bonuses, develop (gloucester) ""Remove 1 of the lowest level tiles of any industry from your player mat. Exception, you cannot remove a pottery tile showing a lightbulb icon.""It just lets you remove a token, without needing to consume iron.",Merchant Beer Bonuses,"Develop (Gloucester):
Remove 1 of the lowest level tiles of any industry from your Player Mat (for no iron cost).

Exception: You cannot remove a Pottery tile showing a crossed out lightbulb Icon (see ""Potteries and the Lightbulb Icon).",,,,,,
https://boardgamegeek.com/thread/2088923/no-supplies-left,"If I have to put, for example, an iron work, and there is no iron in the general supply as it is all in the market or on the board on other iron works, do I put as much as I can? Or do I have to take the remaining ones from the market buying them?",The resource tokens are theoretically unlimited. You can just substitute the iron with something else.,"Note: The General Supply is limitless. If you need more of a resource, represent it with something else.",,,,,,,
https://boardgamegeek.com/thread/2077414/l1-pottery-in-canal-and-rail-era,"If a player builds the L1 pottery tile in Canal Era, it is removed from the board at the end of the Canal Era. If not used in Canal Era, the L1 pottery tile can be built in the Rail Era?",Correct.,"Unlike the other level 1 Industry tiles, the level 1 Pottery tile may be built during the Rail Era.",,,,,,,
https://boardgamegeek.com/thread/2752377/only-needs-one-track-connection-to-the-coal-source,"In the second era, two tracks were etched at two different places on the board in one turn without connection to each other. The player used coal from his own mine for the first track. The other line was only connected to the general market, and beer was consumed. Is that in accordance with the rules?","Per the rulebook, you must be connected to a souce of coal to consume it for each rail Link built after it's placed. Next, there has to be a beer available for the second link (not from the merchant). Both links have to be in your network.",To perform the Network Action:,Place a Link tile on an undeveloped line on the board. The placed Link tile must be adjacent to a location that is a part of your network (see “Your Network”).,"A location on the board is considered to be a part of your network if at least one of the following is true:
- The location contains one or more of your Industry tiles;
- The location is adjacent to one or more of your Link tiles","In a single Network action, you may build a maximum of 2 rail Links for £15, if you also consume 1 beer. This beer must be consumed from a Brewery (not a Merchant beer).
Remember: If consuming beer from another player’s Brewery, it must be connected to the second rail Link (after it is placed)","You must consume 1 coal for each
rail Link built (see “Consuming Coal”)
Remember: Each rail Link is placed
separately and must be connected to a
source of coal (after it is placed).",Coal must be consumed from: 1 The closest (fewest Link tiles distant) connected unflipped Coal Mine,"2 If you are not connected to an unflipped Coal Mine, you can purchase coal from the Coal Market.",
https://boardgamegeek.com/thread/2376177/coal-market-iron-market-question,"When building an industry tile and having to pay with iron or coal, if there are coal / iron cubes on the board (on any player tiles) and I am connected to the coal market (coal only), do I have choice to use the players cubes OR can I buy from the market? Let’s say, for coal, I have an equal distance of links between the coal mine and the coal market.","You have to use players' coal/iron cubes first before you buy from market, coal has to be the closest, iron doesn't have to be the closest.","Coal must be consumed from:
1- The closest (fewest Link tiles distant) connected unflipped Coal Mine (owned by any player). If multiple Coal Mines are equally close, choose one.","2- If you are not connected to an unflipped Coal Mine, you can purchase coal from the Coal Market ","To consume iron, an Industry tile does not need a connection to a source of iron.
Iron must be consumed from:
1 Any unflipped Iron Works (owned by any player); it does not have to be the closest.","2 If there are no unflipped Iron Works, you can purchase iron from the Iron Market.",,,,
https://boardgamegeek.com/thread/2119177/vp-s-when-building,"When you build, do you get the VP’s that are located to the top right corner of the building on your player mat immediately? Or is that scored at the end of the era?",You get the VPs at the end of each era but only for buildings that have 'flipped'. The income happens when the industry is flipped.,FLIPPING INDUSTRY TILES,"At the end of each era, flipped Industry tiles score VPs. When flipped, they have a black top half and a VP icon in the bottom left corner.",Whenever one of your Industry tiles is flipped your income is increased.,,,,,
 ,Can the market beer be used to sell stuff to other markets?,"Each merchant has its own separate beer (if any), so you cannot share a merchant beer with another for a single sale tile. The beers must be consumed from one of your own or an opponent's if a connection exists, your choice.",Beer may be consumed from any of the following sources: ,3- The space beside a Merchant tile that you are selling to (see “Action - Sell”).,1- Your unflipped Breweries. These do not need to be connected to the location where the beer is required.,2- An opponent’s unflipped Brewery. These must be connected to the location where the beer is required.,,,,
https://boardgamegeek.com/thread/2288814/orden-de-turno,"To determine the turn order, do coins spent to buy coal and metal also count? Does selling coal or metal to the market, the coins we receive should be discounted?",Spending coins on coal and metal counts to determine the shift. Selling cubes does not count since you received them instead of spending them.,Determine turn order for the next round,"- The player who spent the least money this round will go first next round, and so on, while the player who spent the most will go last.",,,,,,
https://boardgamegeek.com/thread/2925029/9th-card,What happens if I build a factory of coal or iron and it’s connected to the global market I know I need to sell them but what happens if the spaces on the main board are full?,"The remaining coal or iron remains on the tile, like coal on coal mines that aren’t connected to the market. Note that iron doesn’t need a connection to be sold to the market.","Moving Coal and Iron to the Market
If you build either a:
Coal Mine that is connected to any Merchant space with the double arrows symbol (even those without Merchant tiles); Or Iron Works, regardless of whether or not it is connected to a Merchant space:
1- You must immediately move as many cubes as possible from the Industry tile to available spaces in its associated Market (filling the most expensive spaces first).",,,,,,,
https://boardgamegeek.com/thread/2533454/empty-merchant-tile,What is the merchant empty tile for? Is there a way to consume the beer from it?,"This merchant cannot be sold to, nor will this tile generate merchant beer. They have a big influence on where and what you build.","To perform the Sell action:
","2- Choose 1 of your unflipped Cotton Mill, Manufacturer, or Pottery tiles, that is connected to a Merchant tile featuring that industry’s icon.",BOARD SETUP,6- Place 1 beer barrel on each beer barrel space beside a (non-blank) Merchant tile.,,,,
https://boardgamegeek.com/thread/2275016/removing-industry-tiles-to-pay-for-income-deficit,"Per the title, where do the tiles go when you remove overbuilt tiles from the game? Back to your player board or to the box?",The rules says to remove them from the game and return it to the box.,Overbuilding:,"Remove overbuilt Industry tiles from the game, and return them to the box (they will not score VPs). ",,,,,,
https://boardgamegeek.com/thread/2491113/location-card,"When you don't have network to a city and use location card to be able to build industry at a city, Is the location card spend for 1 action and building is card number 2?","In a single build action, you play the card and build whatever you want to build there. In your case, the location card is the card, and build it on the named location on it.","To perform the Build action:
1- Discard an appropriate card.","Location card:
May be used to build any Industry tile at the location named on the card, even if the location is not a part of your network.",,,,,,
https://boardgamegeek.com/thread/2869693/what-does-this-pictogram-mean,"I see some symbols that have coal, iron, or beer which extends with an arrow. Some contains ships inside the arrow. Some points to a hat. What do those symbols  mean?","The one with the rail/ship means that it should travel on rail/ship.  And the ones with nothing within arrow means that it can travel without restriction. Finally, the beer that points to a hat means that your beer can travel without restriction.",,,,,,,,
https://boardgamegeek.com/thread/3080576/can-a-wild-location-card-be-used-to-build-farm-bre,Can a wild location card be used to build farm breweries?,Wild Location Card does not work on building farm breweries.,"Wild Location card:
May be played as any Location card. This does not include the 2 Farm Breweries (see “Farm Breweries”). ",,,,,,,
https://boardgamegeek.com/thread/2589873/teaching-guide,"Player board question, regarding building: you pay the amount on the left side of the tile when you build, is the right side just for scoring reference, or do you gain that when you empty an industry tile level (use all the Level I, II, etc.)?",It’s just for reference. It tells you what you will find on the back of the tile without having to turn it over.,,,,,,,,
https://boardgamegeek.com/thread/2045313/loans-and-income,If my income is -3. Do I have to pay each round 3 Bucks until my income has increased?,"Yes, page 6 of the rule.",End of Round:,"If your income level is negative, you must pay that amount of money to the Bank.",,,,,,
https://boardgamegeek.com/thread/2469378/network-question,"If I am connected to location X via a canal /train, but I do not build any industry on this location, am I allowed to place a canal /train on the other side of the empty location? Is it still considered part of my network?","You can build the link on the other side if the location is part of your network. The location is still considered part of your network if you have your link adjacent to it even though it is filled with industry tiles of your opponent. Connected means that you can trace a route to that location with any player 's link. Thus, if the link belong to your opponents you cannot build the link on the other side.",To perform the network action:,Place a Link tile on an undeveloped line on the board. The placed Link tile must be adjacent to a location that is a part of your network (see “Your Network”).,"A location on the board is considered to be a part of your network if at least one of the following is true:
- The location contains one or more of your Industry tiles;
- The location is adjacent to one or more of your Link tiles",Two locations are considered “connected”  to each other if you can trace a route of Link tiles (owned by any player) from one  location to the other,,,,
https://boardgamegeek.com/thread/2555767/question-on-turnsroundseras,When does the Round end? When do we take the income turns and reset player order?,Play continues until all cards have been played. Income turns and reset player order occur after all players have taken their two actions.,"END OF ROUND
After all players have taken their turn, perform the following steps before moving on to the next round:
1. Determine turn order for the next round.",2. Take income.,"PLAYER TURNS
On your turn, perform a total of 2 actions.
Exception: During the first round of the Canal Era, each player performs only 1 action.",,,,,
https://boardgamegeek.com/thread/3183252/sell-coal-after-network,Can you sell your coal to the merchant after doing a network action?,Coal and iron cubes may only be sold to their Markets during the action when their Industry tile is built. They are never sold to their Markets in later turns.,Note: Coal and iron cubes may only be sold to their Markets during the action when their Industry tile is built. They are never sold to their Markets in later turns.,,,,,,,
https://boardgamegeek.com/thread/2829306/selling-goods,"When selling goods, do I have to need my OWN connection to a market tile or can i also sell if another player connected the market?","Any player's connection is fine. As long as the ""Good"" tiles are connected to the market.",SELL ACTION,"Selling requires:
- Connection to a Merchant tile.",Two locations are considered “connected”  to each other if you can trace a route of Link tiles (owned by any player) from one  location to the other,,,,,
https://boardgamegeek.com/thread/2073507/closest-beer,"Just to clarify, if I need to take beer from another player and there are several breweries on the board with beer available connected to the industry tile I am selling, do I have to choose the brewery closest to tile I'm selling or can I choose whoever/wherever?",There's nothing in the rules that mandates where to get the beer. Consume any beer you can legally reach.,"Beer may be consumed from any of the following sources:
1- Your unflipped Breweries. These do not need to be connected to the location where the beer is required.
2- An opponent’s unflipped Brewery. These must be connected to the location where the beer is required
3- The space beside a Merchant tile that you are selling to (see “Action - Sell”).",,,,,,,
https://boardgamegeek.com/thread/2896824/3-player-games-one-player-gets-to-take-one-less-ac,"3 Player games. One player gets to take one less action each era, is this how it's supposed to be?",You’re definitely making a mistake somewhere. Everyone gets the same number of turns.,"On your turn, perform a total of 2 actions.
Exception: During the first round of the Canal Era, each player performs only 1 action. ",There are exactly 8/9/10 rounds per era in a 4/3/2-players game.,,,,,,
https://boardgamegeek.com/thread/2042594/order-of-operations-for-using-beer,Is there an order of operations for using beer (similar to the order for using coal and iron)?,"You can use any beer you want as long as you're connected, connection not required for your own beer in any order you want.","Beer may be consumed from any of the following sources:
1- Your unflipped Breweries. These do not need to be connected to the location where the beer is required.
2- An opponent’s unflipped Brewery. These must be connected to the location where the beer is required
3- The space beside a Merchant tile that you are selling to (see “Action - Sell”).",,,,,,,
https://boardgamegeek.com/thread/2031852/clarification-for-pottery-and-loans,Is it possible to take loans until the very last round of the game and does the cash worth nothing at the end of the game?,"Yes, you can take on last turn. You cannot take the loan only if it will take your income level below -10.. However, remember that income is the first tiebreaker, then money is the second one.",Exception: You cannot take a loan if it will take your income level below -10.,WINNING THE GAME:,"- The player with the most VPs is declared the winner.
- Ties are broken, first by the highest income, and then by the most money remaining.
- If still tied, those players draw.",,,,,
https://boardgamegeek.com/thread/2323953/merchant-beer-and-bonus,"If there is a beer barrel on the space beside the Merchant tile you are selling to, you may consume this beer as part of the Sell action, and collect the Merchant beer bonus (see “Merchant Beer Bonuses”). does it imply that if there is no beer to take, because it has already been taken, one cannot get the bonus?","Yes, the first who uses this barrel is the only one who takes the bonus","Merchant Beer Bonuses:
Merchant beer may only be consumed as part of a Sell action. If you consume a Merchant beer, you also receive the bonus displayed beside that Merchant tile's location.",,,,,,,
https://boardgamegeek.com/thread/2741423/on-scoring-dead-end-link-tiles,"When scoring link tiles, do the link tiles have to connect two cities with buildings? Or will they also be scored if only the ""starting city"" has building(s) on it, resulting in a ""dead end"" link.",Dead-end links still give points. You count every industry tile (independent of who owns it) in any adjacent city connected to the link. Whether or not there are industry tiles in both cities at the end of the link is irrelevant.,END OF CANAL & RAIL ERA,"1- Score Canal/Rail Links
For each of your Link tiles, score 1 VP for each symbol (black hexagon and a white line in it) displayed in adjacent locations, by advancing your VP Marker along the Progress Track. Remove Link tiles from the board as they are scored.",,,,,,
https://boardgamegeek.com/thread/2041083/overbuilding-clarity-question,"For overbuilding, the industries have to be of the same type, correct?",Same type.,Sometimes you are allowed to replace an already placed Industry tile with a higher-level tile of the same industry type (you must still pay the necessary build costs). This is known as Overbuilding.,,,,,,,
https://boardgamegeek.com/thread/2528706/end-of-canals-era-and-remaining-coal-beer-and-iron,"At the end of the Canal Era, what do you do with the remain coal, beer, and iron resources that are still on the cards?",Level 1 industries are removed from the board and any resources on them are lost as well.,End of Canal Era,"Remove all level 1 Industry tiles from the board (not from Player Mats), and return them to the box. All level 2 or greater Industry tiles remain on the board.",,,,,,
https://boardgamegeek.com/thread/3238801/manufactured-goods-iii-and-vii-don-t-need-beer,Manufactured goods III and VII don’t need beer?,Whether or not it needs beer is indicated in the top right corner on the tiles that you sell.,"CONSUMING BEER:
You may be required to consume beer when selling cotton, manufactured goods, or  pottery; or when performing the Network action during the Rail Era. The amount required, if any, will be shown in the top  right corner of the Industry tile.",,,,,,,
https://boardgamegeek.com/thread/2459644/rules-questions,Level 2 and above buildings are counted a second time in the Rail Era. Is this a part of the base game or a variant?,Level 2 and above buildings VP scored at the end of both eras for the base game.,End of Canal Era:,"Level 2 or greater Industry tiles are not removed at the end of the Canal Era, so could score twice if built early.",,,,,,
https://boardgamegeek.com/thread/2087615/clarification-of-building-network,What constitutes a location?,A location is a place where you can place industry tiles or where there is an access to the market.,,,,,,,,
https://boardgamegeek.com/thread/2885864/wild-cards-and-taking-them,"Meanwhile you own wild cards, you are not able to do the scout action, BUT, let's say you take both wild cards on your turn and as second action you use the wild location one, leaving in hand the wild industry, are you able to perform the action ""scout"" on your next turn and for it you discard this card?","""Exception: You may not perform this action (Scout Action) if you already have a Wild card in your Hand.""  Before you even discard and announce that you are taking the Scout Action, your hand must not include a wild card.",SCOUT ACTION,Note: You may not perform this action if you already have a Wild card in your Hand.,,,,,,
https://boardgamegeek.com/thread/2061834/consuming-resources-railroad-connecting-to-coal-an,Do you need to have access to coal before placing the rail? Same question for doing double rail. Can you chain to the beer and pay it after placing both rails?,"After placing a link, you need to trace to a source of coal. For double rails, you must trace from the second rail to a source of beer beside the source of coal.",Consuming Coal:,"To consume coal, a rail Link or Industry tile must be connected to a source of coal (after it is placed).","In a single Network action, you may build a maximum of 2 rail Links for £15, if you also consume 1 beer. This beer must be consumed from a Brewery (not a Merchant beer).
Remember: If consuming beer from another player’s Brewery, it must be connected to the second rail Link (after it is placed)","You must consume 1 coal for each
rail Link built (see “Consuming Coal”)
Remember: Each rail Link is placed
separately and must be connected to a
source of coal (after it is placed).",,,,
https://boardgamegeek.com/thread/2874029/brass-birmingham,The rules state that an Era ends when all the cards in the draw deck and player's hand have been used. But does this apply to all players or only the first one to empty their hand and the deck? We played it for all players but it left one sitting out because he had used his hand.,"Everyone should run out of cards in the same round. If not, you’re playing something wrong.","On your turn, perform a total of 2 actions.
Exception: During the first round of the Canal Era, each player performs only 1 action. ",There are exactly 8/9/10 rounds per era in a 4/3/2-players game.,,,,,,
https://boardgamegeek.com/thread/2087213/overbuilding-during-canal-era,"If you build an industry on a location during the canal era,  you cannot build on the same location until the railway era. Does that mean you cannot overbuild on an opponent's industry in the same location until the railway era since the overbuild action would again exceed your industry/location allowance?","In the canal era, you can only have one industry per location, regardless of overbuilding.So if overbuilding would give you a second in that location, then you cannot overbuild.","Canal Era Building
-You may have a maximum of 1 Industry tile per location, but may have an Industry tile in the same location as other players.",,,,,,,
https://boardgamegeek.com/thread/2158691/number-of-beer-on-breweries,Why does the level 4 brewery tile indicate one / two beer barrels in the bottom right corner? Or did I misunderstood the rules and you can choose to place one or two beer barrels on breweries built during the rail era?,It's a misprint. It should just show 2 beers as it can't be built during the Canal Phase.,Brewery:,"Place 1 beer barrel on the Industry tile if it is built during the Canal Era, or 2 beer barrels if it is built during the Rail Era",,,,,,
https://boardgamegeek.com/thread/2790657/canal-rules,It says at Network during canal era: You may build a maximum of 1 canal link for 3 pounds. Is that per action or per turn?,Per action. you can use both of your actions within a turn to buy one canal each. That would cost you 6 bucks and two cards in total.,Network Action:,Network During Canal Era:,You may build a maximum of 1 canal Link for £3., ,,,,
https://boardgamegeek.com/thread/2036608/beer,It says that you can use beer from any of your locations but you need a connection to use an opponent's beer. Does this mean YOU have to be connected to an opponent's beer or does it mean there has to be A connection (ie anyone's) to that beer?,Two locations are considered “connected” to each other if you can trace a route of Link tiles (owned by any player) from one location to the other. You can use any player's links.,Two locations are considered “connected” to each other if you can trace a route of Link tiles (owned by any player) from one  location to the other,,,,,,,
https://boardgamegeek.com/thread/2528871/placing-double-rails-in-rail-era,"In the rail era of Brass Birmingham, you can build 2 rails for 2 coal and 1 beer. I wanted to do this action where both rails would have access to beer and coal after they had been laid. However, neither rail would have access to both beer and coal if I laid them one at a time. Is this a legal action?","No. Every rail MUST have access to coal, however only the last rail needs access to a beer.","In a single Network action, you may build a maximum of 2 rail Links for £15, if you also consume 1 beer. This beer must be consumed from a Brewery (not a Merchant beer).
Remember: If consuming beer from another player’s Brewery, it must be connected to the second rail Link (after it is placed)","You must consume 1 coal for each
rail Link built (see “Consuming Coal”)
Remember: Each rail Link is placed
separately and must be connected to a
source of coal (after it is placed).",,,,,,
https://boardgamegeek.com/thread/2730732/fewer-cards-than-others-and-end-of-the-canal-era,"So you have always to do 2 actions, exception the first turn of the canal phase, right?","Yeah, every turn except the very first is exactly two actions, no more and no less.","On your turn, perform a total of 2 actions.
Exception: During the first round of the Canal Era, each player performs only 1 action. ",,,,,,,
https://boardgamegeek.com/thread/1775648/rules-online,Where can I find the rules?,Found this in an update on the KS-page: http://roxley.com/brass-birmingham-rulebook/,,,,,,,,
https://boardgamegeek.com/thread/2683507/do-merchants-count-for-connectivity-and-players-ne,Are two towns which are connected to the same merchant considered connected to each other?,"Yes, merchant locations count as locations. They can be part of your network and you can connect through them.",Two locations are considered “connected”  to each other if you can trace a route of  Link tiles (owned by any player) from one  location to the other,,,,,,,
https://boardgamegeek.com/thread/2041858/wild-location-card-usage-in-2-or-3-player-game,"Can Wild Location cards be used, for example, to build in Derby in a 3-player game, when the Derby Location cards are not in the deck?","Yes, there is no rule against building in these locations, the cards are simply not in the deck to create a tighter experience.",Note: In 2/3-player games you may still build in any location.,"Wild Location card:
May be played as any Location card. This does not include the 2 Farm Breweries (see “Farm Breweries”). ",,,,,,
https://boardgamegeek.com/thread/2041858/wild-location-card-usage-in-2-or-3-player-game,"Can you build links to locations that are not in the deck as well as ""port"" cities (like Nottingham) that do not have merchant tiles?",Yes,To perform the network action:,Place a Link tile on an undeveloped line on the board. The placed Link tile must be adjacent to a location that is a part of your network (see “Your Network”).,"A location on the board is considered to be a part of your network if at least one of the following is true:
- The location contains one or more of your Industry tiles;
- The location is adjacent to one or more of your Link tiles",,,,,
https://boardgamegeek.com/thread/2028859/lack-of-orange-iron-cubes,Iron cubes available in the general supply weren't enough to fill a new-built iron factory. Any suggestions?,"If you happen to run out, use a substitute. It'll unbalance the game if you do not.","Note: The General Supply is limitless. If you need more of a resource, represent it with something else.",,,,,,,
https://boardgamegeek.com/thread/2874177/selling-to-different-merchants-in-one-action,Can we decide NOT to take the merchant beer or beer from other sources if we so choose to?,"Yes, you can choose freely among all accessible beer (i.e. your beer, other player’s connected beer and the particular merchant’s beer).","Beer may be consumed from any of the following sources:
1- Your unflipped Breweries. These do not need to be connected to the location where the beer is required.
2- An opponent’s unflipped Brewery. These must be connected to the location where the beer is required
3- The space beside a Merchant tile that you are selling to (see “Action - Sell”).",,,,,,,
https://boardgamegeek.com/thread/2041793/order-of-refilling-hand-and-end-of-round-turns,"I'm assuming if there are two cards remaining, first player in turn order from the previous round would draw the last two cards before redetermining turn order? Is this correct?","All players should run out of cards in the same round. Each player has to discard two cards per turn for their two actions. As long as you’re setting the deck up properly in the beginning and removing one card per player at the beginning of the canal era, the last player in turn order will draw the final two cards.",There are exactly 8/9/10 rounds per era in a 4/3/2-players game.,"On your turn, perform a total of 2 actions.
Exception: During the first round of the Canal Era, each player performs only 1 action. 

For each action you perform, you must discard a card from your Hand and place it face up on top of your Discard Pile.",,,,,,
https://boardgamegeek.com/thread/2059043/about-that-face-down-starting-card,Each player starts the game with one face-down card to start their discard pile. Is there any consensus about whether anyone should be able to see that first card?,We have always played that nobody at the table can see it.,Player Area Setup:,9- Draw 1 additional card from the Draw Deck and place it face down in your player area; this is your Discard Pile.,,,,,,
https://boardgamegeek.com/thread/3290707/buildsell-same-turn,"If I sell an industry in a location, is this still considered my industry tile as for the rule ""you may have a maximum of 1 industry tile per location"" ?","Yes, if you sell an industry, it is still your industry because it is only flipped, so you are not allowed to build another in that location during the Canal phase.","Performing the Sell action allows you to flip built Cotton Mill, Manufacturer, and Pottery tiles.","Canal Era Building
- You may have a maximum of 1 Industry tile per location, but may have an Industry tile in the same location as other players",,,,,,
https://boardgamegeek.com/thread/2469057/thematic-rules-explained-brum-edition,Why is coal needed in such huge quantities?,"Coal is needed in such huge quantities that you can't do business without a coal source connected by canal or rail to the building site. And it's so heavy that you have to use the nearest available source, because the porter's guild insists on it.","Historical Note: Coal was required in large quantities, so a robust transportation network was critical.",,,,,,,
https://boardgamegeek.com/thread/3237438/automa-questions,"Some automa cards instruct it to build in cities that are not part of the two player game. I assume it builds there anyway, and is able to link to it?","It might help you to know that no cities are ever “not part of” the game at any player count. The full board is always available for building regardless of player count. The removal of certain city cards makes building there less likely but you can still do it with wild cards, or by building network links and then playing an appropriate Industry card.",Note: In 2/3-player games you may still build in any location.,"Building If You Have No Tiles on the Board
If you have no Industry or Link tiles on the board, you may also (as an action) discard:
- An Industry card to build the matching Industry tile in any location with an undeveloped space displaying that industry’s icon;","Wild Location card:
May be played as any Location card. This does not include the 2 Farm Breweries (see “Farm Breweries”). 
Industry card:
May be used to build the Industry tile matching an icon shown in the top corner of the card, in a location that is a part of your network.
Wild Industry card:
May be played as any Industry card.","A location on the board is considered to be a part of your network if at least one of the following is true:
- The location contains one or more of your Industry tiles;
- The location is adjacent to one or more of your Link tiles",,,,
https://boardgamegeek.com/thread/2548275/overbuilt-pottery-plus-concept-of-this-game,"what does the idea of ""flipping industry tile"" realistically mean? why does it flip?","Think of each cube on a coal mine or iron works as a contract. Once enough contracts have been signed the industry is ""up and running"", as in it is turning a profit and is a viable endeavor. Thus it flips and you might get an increase in income. Contracts work well as a metaphor because you get income every turn, not just when the industry flips.",,,,,,,,
https://boardgamegeek.com/thread/2701079/question-about-the-merchants-without-building-symb,"Are you still allowed to sell goods at those sites, even though they do not have the symbol of the building you are trying to sell on them?","You can only sell to a merchant with the symbol of the good you want to sell. If they have no symbol of your good, it cannot be sold to that merchant.",To perform the Sell action:,"2- Choose 1 of your unflipped 
Cotton Mill, Manufacturer, or Pottery tiles, that is 
connected to a Merchant tile featuring that industry’s icon.",,,,,,
https://boardgamegeek.com/thread/2097216/clarification-link-scoring-and-turn-order-to-start,"When determining starting turn order at the beginning of the Rail Era, do you still use the money spent on the last turn of the Canal Era or is it based on VP’s from Canal Era with the fewest going first?","It is determined by money spent in canal turn 8, from the last turn of the Canal Era.",END OF ROUND,Determine turn order for the next round,"The player who spent the least money this round will go first next round, and so on, while the player who spent the most will go last.",,,,,
https://boardgamegeek.com/thread/3144706/is-my-direct-neighbor-actually-connected-with-me,Is my direct neighbor actually connected with me?,Industries in the same city are connected.,Two locations are considered “connected” to each other if you can trace a route of Link tiles (owned by any player) from one location to the other,,,,,,,
https://boardgamegeek.com/thread/3115829/building-if-you-have-no-tiles-on-the-board,If I have nothing on the board- can I use an industry card to build it anywhere?,"If you have no Industry or Link tiles on the board, you may also (as an action) discard: 
- An Industry card to build the matching Industry tile in any location with an undeveloped space displaying that industry’s icon; 
- Any card to build a Link tile on any undeveloped line on the board.","If you have no Industry or Link tiles on the board, you may also (as an action) discard:
- An Industry card to build the matching Industry tile in any location with an undeveloped space displaying that industry’s icon; 
- Any card to build a Link tile on any undeveloped line on the board. ",,,,,,,
https://boardgamegeek.com/thread/2469057/thematic-rules-explained-brum-edition,How are finished products moved?,"Finished products (cotton, goods, pots) are less voluminous than coal, but are still a bulky good moved in high volumes, and thus, need to be connected to a market for shipment. However, it's a much higher-value item, so the porter's guild will take it to any compatible market, not just the closest one.","Performing the Sell action allows you to flip built Cotton Mill, Manufacturer, and Pottery tiles. Selling requires:
- Connection to a Merchant tile.
- Beer (usually).",Two locations are considered “connected”  to each other if you can trace a route of Link tiles (owned by any player) from one  location to the other,,,,,,
https://boardgamegeek.com/thread/3049177/income-question,I think at the beginning we start with 0 income right? The guy taught me to start with income 10 but he was not right I think as I am reading the rulebook now.,"You always start the game at Income Level 0, which is on the space 10 of the progress track.",PLAYER AREA SETUP,Place your Income Marker on the “10” space of the Progress Track. ,,,,,,
https://boardgamegeek.com/thread/3197647/barrel-usage,Can you use a barrel from other market to another market?,You may only use a merchant’s beer when selling to precisely that merchant. You cannot even use it to sell to the other merchant.,Beer may be consumed from any of the following sources: ,3- The space beside a Merchant tile that you are selling to (see “Action - Sell”).,,,,,,
https://boardgamegeek.com/thread/2083825/setup-doubt,"Setup states that in a 2 player game. I don't put merchant tiles on Warrington, but Warrington has a 2-player icon. Can you clarify?",There is no 2-player icon on Warrington.The player count symbols are the small square dots that are on the market tiles and the spaces. We can find them on the cards as well.,"The 2-player (2 avatar icons), 3-player (3 avatar icons), and 4-player (4 avatar icons) counts are shown in the bottom right corner on the front of the cards and along the top of the merchant tiles.","Result: In a 2 player game, no 
Merchant tiles are placed in 
Warrington",,,,,,
https://boardgamegeek.com/thread/2105387/2p-game-are-the-northern-towns-still-accessible,"2P game, are the northern towns still accessible?",Yes,Note: In 2/3-player games you may still build in any location.,,,,,,,
https://boardgamegeek.com/thread/2527803/end-of-coal-era,Do I have to pass without spending a card cause I do not have cards anymore when my opponents still have? What are we doing wrong?,"You are supposed to start with an equal number of cards. You discard two cards for each turn, then each should return back to 8 cards again. Remember that in the setup of the canal era, you draw one additional card beside the 8 cards to start the discard pile. Then the game starts with only one action to fill the two discarded per turn. You were doing wrong, somewhere. ",There are exactly 8/9/10 rounds per era in a 4/3/2-players game.,"On your turn, perform a total of 2 actions.
Exception: During the first round of the Canal Era, each player performs only 1 action. 

For each action you perform, you must discard a card from your Hand and place it face up on top of your Discard Pile.",Player Area Setup:,"8- Draw 8 cards from the Draw Deck; this is your Hand. Do not reveal your Hand to other players.
9- Draw 1 additional card from the Draw Deck and place it face down in your player area; this is your Discard Pile. ",,,,
https://boardgamegeek.com/thread/3160564/one-queseion,How can I overbuild a building of mine or from an enemy?,"Rules are rather straightforward; see p.10 and p.12 (Things to remember section).
Overbuilding:
Sometimes you are allowed to replace an already placed Industry tile with a higher level tile of the same industry type (you must still pay the necessary build costs). This is known as Overbuilding.
- You may Overbuild any of your Industry tiles without restriction.
- You may also Overbuild opponents’ Coal Mines/Iron Works, but only when there are no coal/iron cubes left on any Industry tiles or in the Market.","Overbuilding:
Sometimes you are allowed to replace an already placed Industry tile with a higher level tile of the same industry type (you must still pay the necessary build costs). This is known as Overbuilding. When Overbuilding: 
If the tile you are replacing is your own :
- You may Overbuild any Industry tile.
- If there are any iron / coal / beer on the tile being replaced, place them back into the General Supply.
If the tile you are replacing is owned by an opponent:
- You may Overbuild only a Coal Mine or an Iron Works.
- There must be no resource cubes on the entire board, including in its Market, of the same type as the Industry tile being replaced.",,,,,,,
https://boardgamegeek.com/thread/2037750/external-markets-with-multiple-demands,"Suppose I have a market with cotton and pottery demand. I want to ship two cotton to it. May I take both free beer, or only the one under the cotton demand tile?",Only the cotton beer. And you have to find another beer somewhere for the second cotton.,To perform the Sell action:,"2- Choose 1 of your unflipped Cotton Mill, Manufacturer, or Pottery tiles, that is connected to a Merchant tile featuring that industry’s icon",Beer may be consumed from any of the following sources: ,3- The space beside a Merchant tile that you are selling to (see “Action - Sell”).,,,,
https://boardgamegeek.com/thread/2946974/overbuilding-what-vps-do-you-keep,"I am confused about what VPs you get to keep during overbuilding: is previously gained VPs, or just VPs you scored in the previous era, if applicable?","During overbuilding, you would only keep the VP from the new industry tile, not the one that was originally there. If you have already received VPs or income from the original one. It's already yours.",Overbuilding:,"Remove overbuilt Industry tiles from the game, and return them to the box (they will not score VPs). Players do not lose previously gained income or VPs if their Industry tiles are overbuilt.",,,,,,
https://boardgamegeek.com/thread/2137727/buttom-right-arrows-meaning,What does the empty Beer arrow pointing to a hat?,Your own beer does not to travel via link.,,,,,,,,
https://boardgamegeek.com/thread/2466858/does-receiving-money-from-the-market-affect-turn-o,Does receiving money from the market affect turn order?,"No, money spent stays on the player tokens until the next turn order has been determined at the end of the round. Anything received during a round comes from the general supply.",Determine turn order for the next round:,"The player who spent the least money this round will go first next round, and so on, while the player who spent the most will go last.",,,,,,
https://boardgamegeek.com/thread/2687671/oxford-merchant-bonus-gain-2-income-levels-or-2-in,"For the merchant bonus in Oxford symbol: does it mean gain +2 LEVELs on the income track, or simply gain 2 steps (e.g. from 4 to 6)? ",Steps. It’s the same symbol as in the industry tiles. There’s nothing that allows moving up levels.,Merchant Beer Bonuses,"Income (Oxford):
Advance your Income Marker 2 spaces along the Progress Track.",,,,,,
https://boardgamegeek.com/thread/2056115/few-questions-on-rules,Do you draw 2 cards at the beginning of each turn? or after the first 8 cards are exhausted?,You refill your hand to 8 cards at the end of your turn as long as there are still cards in the deck.,"After all of your actions have been completed, refill your Hand back up to 8 cards with cards from the Draw Deck.",,,,,,,
https://boardgamegeek.com/thread/2703170/run-out-of-links,Are players limited to 14 links for the entire game or for each era?,"They are returned to you, so your limit is 14 per era. Only the general supply are limitless.",,,,,,,,
https://boardgamegeek.com/thread/2898971/wild-cards-any-harm-in-having-all-out-on-the-board,"Wild Cards, Any harm in having all out on the board in a 2 or 3 player game?",No.,Note: In 2/3-player games you may still build in any location,"Wild Location card:
May be played as any Location card. This does not include the 2 Farm Breweries (see ""Farm Breweries"").

Wild Industry card:
May be played as any Industry card.",,,,,,
https://boardgamegeek.com/thread/2701312/end-of-canal-era,At the end of canal era the rules state to remove all Level 1 tiles from the board and specifically says “not from the player board”. That could leave you with a level 1 tile on your player board that can only be built in the canal era (due to the little blue and white circle next to it). Would that mean only a develop action can clear this off your board (to get to the higher level tiles)?,"Yes, that is precisely what that means. Note also that you can build Pottery I in the rail era (since you cannot develop it), but Pottery I tiles on the main board are still removed like all other level I tiles.",End of Canal Era,"Remove all level 1 Industry tiles from the board (not from Player Mats), and return them to the box. All level 2 or greater Industry tiles remain on the board.",Performing the Develop action allows you to remove Industry tiles from your Player Mat. This allows you to gain access to higher-level Industry tiles without having to build all of the lower-level tiles of that industry.,Pottery tiles that show a crossed out lightbulb icon may not be developed. These tiles may only be removed from your Player Mat through use of the Build action.,"Unlike the other level 1 Industry tiles, the level 1 Pottery tile may be built during the Rail Era.",,,
https://boardgamegeek.com/thread/2929020/tiebreaker-income-level-or-space,Tiebreaker: income level or space?,Correct answer is that being ahead on the income track wins.,WINNING THE GAME:,"- The player with the most VPs is declared the winner.
- Ties are broken, first by the highest income, and then by the most money remaining.
- If still tied, those players draw.",,,,,,
https://boardgamegeek.com/thread/2092505/2-player-game-setup-w-no-pottery-merchant-tiles,"Getting ready for the first play and after setup, noticed that no merchant tiles had the pottery icon. Since you can only sell to a connected merchant with the relevant icon, I'm assuming there would be absolutely no point to building the pottery industry in this game. Is this right?",There should always be the merchant that accepts all 3 goods.,,,,,,,,
https://boardgamegeek.com/thread/2056115/few-questions-on-rules,Is it correct that each player draws 8 cards +1 card in the first era (goes directly into discard)?,"You draw 8 cards at the start of each era, and put another card in the discard for the canal era only.",Player Area Setup:,"8- Draw 8 cards from the Draw Deck; this is your Hand. Do not reveal your Hand to other players.
9- Draw 1 additional card from the Draw Deck and place it face down in your player area; this is your Discard Pile. ",,,,,,
https://boardgamegeek.com/thread/2100282/score-rail-link-between-worcester-and-kidderminste,How to count the points?,You just count all the scoring hex symbols (upper right) connected to the canal/rail.,END OF CANAL & RAIL ERA,"1- Score Canal/Rail Links
For each of your Link tiles, score 1 VP for each symbol (black hexagon with white borders and a white line in it) displayed in adjacent locations, by advancing your VP Marker along the Progress Track. Remove Link tiles from the board as they are scored.

2- Score Flipped Industry Tiles
After all players have removed their Link tiles, score the VPs shown in the bottom left corner of your flipped Industry tiles (those with a black top half) on the board, by advancing your VP Marker along the Progress Track. Unflipped Industry tiles do not score.

Note: If you score more than 100 VPs, record the additional points by starting another loop of the Progress Track.",,,,,,
https://boardgamegeek.com/thread/2595443/boardgame,Could you tell me how I can see the difference between the 2 sides of the boardgame? The 2 sides seems to be identical.,"The only difference is the color scheme. The difference is night and day. Only visual, no other change.",BOARD SETUP:,1- Place the board on either the day or night side.,,,,,,
https://boardgamegeek.com/thread/2469057/thematic-rules-explained-brum-edition,How is iron transported?,"Iron is machinery, boilers and parts. These are one-time capital improvements, and they can be shipped by cart on the roads if there's no other way to get it there. Since the roads go everywhere, iron just teleports to where you need it.","Historical Note: These industries generally required iron in low volumes, so it could also be transported via horse and wagon.",,,,,,,
https://boardgamegeek.com/thread/2042227/limited-supply-of-coalironbeer,Is the General Supply limited to the cubes/barrels provided with the game?,"Iron is not restricted by the supply. You can use another marker, or take from the top of the market temporarily as needed.","Note: The General Supply is limitless. If you need more of a resource, represent it with something else.",,,,,,,
https://boardgamegeek.com/thread/2958463/please-explain-start-of-turn-1-and-the-start-of-th,"We did not know how to start the rail era since making a link would require Coal which we do not have on the board. Ultimately, we decided our first turn was to build a link for free. Could someone please inform me how the Gameplay should be?","No, you would not build a rail for free. The logic will end you to the building of an industry that will connect to a source of coal (i.e. from another player or coal markets) through your link. You cannot place a 'free' link, unfortunately.",Network During Rail Era:,"You must consume 1 coal for each rail Link built (see “Consuming Coal”)
Remember: Each rail Link is placed separately and must be connected to a source of coal (after it is placed).","Coal must be consumed from:
1- The closest (fewest Link tiles distant) connected unflipped Coal Mine (owned by any player). If multiple Coal Mines are equally close, choose one.","2- If you are not connected to an unflipped Coal Mine, you can purchase coal from the Coal Market ",To perform the Build action:,1- Discard an appropriate card,"Location card:
May be used to build any Industry tile at the location named on the card, even if the location is not a part of your network.
Wild Location card:
May be played as any Location card. This does not include the 2 Farm Breweries (see “Farm Breweries”). 
Industry card:
May be used to build the Industry tile matching an icon shown in the top corner of the card, in a location that is a part of your network.
Wild Industry card:
May be played as any Industry card.",
https://boardgamegeek.com/thread/2041893/link-building-and-network-clarification,Can I build a link next to a city where I haven't built anything but have a link on the other side of it?,"Yes. You can build a link out of any city in your network, and a city is in your network if you have a link to it (or if you have a tile in it)",To perform the network action:,Place a Link tile on an undeveloped line on the board. The placed Link tile must be adjacent to a location that is a part of your network (see “Your Network”).,"A location on the board is considered to be a part of your network if at least one of the following is true:
- The location contains one or more of your Industry tiles;
- The location is adjacent to one or more of your Link tiles",,,,,
https://boardgamegeek.com/thread/2291686/mistake-at-the-picture-in-the-brass-birmingham-rul,"Is it allowed to place canals/ rails in contact with a single of your industry tiles (which you build with a location card before) without contact to your network? Is this then a ""second"" network?","Yes, it's allowed. You have only one network, but it can be unconnected parts. It might sound another network but in an overal one.",To perform the network action:,Place a Link tile on an undeveloped line on the board. The placed Link tile must be adjacent to a location that is a part of your network (see “Your Network”).,"A location on the board is considered to be a part of your network if at least one of the following is true:
- The location contains one or more of your Industry tiles;
- The location is adjacent to one or more of your Link tiles",,,,,
https://boardgamegeek.com/thread/2642831/initial-merchant-tile-setup,Setting up the merchant tiles before the start. Let's assume 3p game. Do you mix all the merchant tiles together and distribute them randomly?,"You eliminate all tiles that only show a 4, mix them up and randomly place them in the merchant locations for a 3 player game. So Nottingham is still empty.",Board Setup:,"2- For a player count of less than 4, remove all cards and Merchant tiles that show a player count greater than your number of players, and return them to the box.","5- Shuffle the remaining Merchant tiles, and place 1 (face up) on each of the Merchant spaces marked with the number of players in your game, located near the edges of the board.",,,,,
https://boardgamegeek.com/thread/2197459/where-to-place-your-income-token-when-taking-a-loa,"If your income token is in the middle of a 3-space income bracket and you take a loan, moving it down 3 income brackets ending in a 2-space bracket, where should you put the marker?",The highest space of that income level.,To perform the Loan action:,"Take £30 from the bank, and move your Income Marker 3 income levels (not spaces) backwards down the Progress Track. Place your Income Marker on the highest space within the new lower income level.",,,,,,
https://boardgamegeek.com/thread/2201524/start-of-second-era,"At the start of the 2nd era we had some level 2 industries built, but all the coal mines were flipped. Once we removed the boat links, no one was connected to a market to buy coal. What are you supposed to do then?","Your purpose is to create a way to connect to a source. You could build a coal mine using a location card so that connections are not required, or via scouting if necessary. You can also build in order to connect to a market location with the rail and get coal from the market.","Performing the Scout action allows you to acquire Wild cards, which provide increased flexibility in where you may build.",To perform the Build action:,Discard an appropriate card,"Location card:
May be used to build any Industry tile at the location named on the card, even if the location is not a part of your network.
Wild Location card:
May be played as any Location card. This does not include the 2 Farm Breweries (see “Farm Breweries”). 
Industry card:
May be used to build the Industry tile matching an icon shown in the top corner of the card, in a location that is a part of your network.
Wild Industry card:
May be played as any Industry card.",,,,
https://boardgamegeek.com/thread/2528706/end-of-canals-era-and-remaining-coal-beer-and-iron,"If I have a coal left over on a city that isn't connected after the end of the canal era, can I use that coal to help pay for my train link adjacent to that city?","The rulebook for Networking in era 2 states: ""Each rail Link is placed separately and must be connected to a source of coal (after it is placed)."" So, yes, you can consume the coal because it will be connected after you place the link.","To consume coal, a rail Link or Industry tile must be connected to a source of coal (after it is placed).",Coal must be consumed from: 1 The closest (fewest Link tiles distant) connected unflipped Coal Mine,"2 If you are not connected to an unflipped Coal Mine, you can purchase coal from the Coal Market",,,,,
https://boardgamegeek.com/thread/2869625/when-changing-era,What to do about income when transitioning eras. Does income rest to zero for the next era ?,"No, income isn’t reset.",,,,,,,,
https://boardgamegeek.com/thread/2044099/only-one-option-to-sell-potteries-did-i-get-this-r,Shrewsbury has only one route into it. Which I believe means that once someone puts a boat on that Canal (or train on the track in the Rail era) only that player will be able to sell Potteries. Is that the correct conclusion?,"In order to sell to a market, you need only have a connection. The links in the connection may have been built by any combinations of players but it is only the actual connection that matters for your sell. Not the owners of the links.","Selling requires:
- Connection to a Merchant tile.
- Beer (usually).",Two locations are considered “connected”  to each other if you can trace a route of Link tiles (owned by any player) from one  location to the other,,,,,,
https://boardgamegeek.com/thread/2073507/closest-beer,"If there is no beer on the board, how do we get more? Does someone have to build a brewery? Is there no other way to get beer (such as the market for coal and iron?)?","There is indeed no other way to get more beer onto the board than for someone to build a brewery. This is different from coal and iron, where you can always buy it from the market if there's none on the board, albeit very expensively.","Beer may be consumed from any of the following sources:
1- Your unflipped Breweries. These do not need to be connected to the location where the beer is required.
2- An opponent’s unflipped Brewery. These must be connected to the location where the beer is required
3- The space beside a Merchant tile that you are selling to (see “Action - Sell”).",,,,,,,
https://boardgamegeek.com/thread/3170646/how-the-the-develop-action-work-specifically-when,"How the the ""develop"" action work, specifically when it refers to the number of tiles that can be developed in a turn?","Each develop action discards either one or two tiles. So if you develop twice, you could discard two, three, or four total. Every tile you discard costs one iron, of course.","To Perform the Develop Action:
","2- Remove 1 or 2 Industry tiles from your Player Mat, and return them to the box. Each Industry tile is removed separately and does not need to be of the same industry, but must be the lowest level tile of the chosen industry (as it is removed).",,,,,,
https://boardgamegeek.com/thread/3034946/face-down-card-in-the-discard-pile,Does it seem the game will result in the first player getting and extra turn? Unless I'm doing something really wrong.,You’re doing something wrong. That's the reason you only take one action in the first round.,"Exception: During the first round of the Canal Era, each player performs only 1 action. 
",,,,,,,
https://boardgamegeek.com/thread/2040731/canal-links-removed-after-canal-age,Do Canal Links remain in the Rail Age?,Canals are definitely removed at the end of the canal age.,END OF CANAL & RAIL ERA ,Remove Link tiles from the board as they are scored.,"Network During Rail Era:
- You may not build canal Links.",,,,,
https://boardgamegeek.com/thread/2610305/if-you-run-out-of-link-tokens,"If you run out of links, can you still place them using placeholders?","No, links are limited. Only the general supply is limitless.",,,,,,,,
https://boardgamegeek.com/thread/2034812/blank-merchant-tiles,"There are a couple of blank merchant tiles, and I can't figure out what they mean when they are on the board. Are these merchants that will not buy anything?","They mean that there is no demand where they are placed, so you can't sell to them.","To perform the Sell action:
","2- Choose 1 of your unflipped Cotton Mill, Manufacturer, or Pottery tiles, that is connected to a Merchant tile featuring that industry’s icon.",,,,,,
https://boardgamegeek.com/thread/2594995/two-beer-questions,"If you sell multiple pottery tiles, do you need to discard multiple cards or is discarding one card sufficient no matter how many tiles you end up flipping?","One card gives you the right to flip multiple tiles and they can even be different industries. Sell both those potteries and some manufactured goods, if you can line it all up there's nothing to stop you.","To perform the Sell action:
1- Discard any card from your Hand and place it face up onto your Discard Pile.
2- Choose 1 of your unflipped Cotton Mill, Manufacturer, or Pottery tiles, that is connected to a Merchant tile featuring that industry’s icon.",5- You may go back to step 2 and repeat the process for each of your unflipped Industry tiles (including those of a different industry).,,,,,,
https://boardgamegeek.com/thread/2282643/overbuilding-rules,Could someone please clarify the rules concerning overbuilding other players buildings?,"You can only overbuild someone else's coal or iron works. It's an action you can do, just like building your own industry normally, but to be able to do so, you must satisfy two requirements: 
1. For coal, there must be no coal on the board and none in the market. For iron, there must be no iron on the board and none in the market. By this, I refer to the resources, not the industries. 
2. You must have a higher level coal/iron, just as you would need if you were overbuilding your own.",Sometimes you are allowed to replace an already placed Industry tile with a higher-level tile of the same industry type (you must still pay the necessary build costs). This is known as Overbuilding.,Overbuilding:,"If the tile you are replacing is owned by an opponent:
- You may Overbuild only a Coal Mine or an Iron Works.
- There must be no resource cubes on the entire board, including in its Market, of the same type as the Industry tile being replaced.",,,,,
https://boardgamegeek.com/thread/3104692/last-rail-paying-for-two-rails,How would you decide whether taking the beer is legal? It needs to be available at the second link.,"If it's your beer you don't have constraints. The rulebook states ""If consuming beer from another player’s Brewery, it must be connected to the second rail Link""","In a single Network action, you may build a maximum of 2 rail Links for £15, if you also consume 1 beer. This beer must be consumed from a Brewery (not a Merchant beer).
Remember: If consuming beer from another player’s Brewery, it must be connected to the second rail Link (after it is placed)",Beer may be consumed from any of the following sources:,1- Your unflipped Breweries. These do not need to be connected to the location where the beer is required.,,,,,
https://boardgamegeek.com/thread/2047426/beer-limit,Are the beer barrels finite or infinite?,They are infinite.,Board Setup:,9- Place the remaining cubes and beer barrels beside the board; this is the General Supply.,"Note: The General Supply is limitless. If you need more of a resource, represent it with something else.",,,,,
https://boardgamegeek.com/thread/2066195/clarification-on-the-dont-be-a-dk-rule,"When building industry, if there is a spot with the industry you are building and a spot with two industries (one of which being the one you are building) in the same location you must build on the single industry spot first. Does this apply to shipping goods to the market?","The rule doesn’t apply to shipping goods. It only applies to building industries. It’s a specific rule, not a principle of general application.",To perform the Sell action:,"2- Choose 1 of your unflipped Cotton Mill, Manufacturer, or Pottery tiles, that is connected to a Merchant tile featuring that industry’s icon.",5- You may go back to step 2 and repeat the process for each of your unflipped Industry tiles (including those of a different industry).,,,,,
https://boardgamegeek.com/thread/2635984/basic-rule-confirmation,I deal 7 cards and a 8th is dealt in the discard pile of each player? Not 8+1 in the discard,It is 8 + 1 in the discard.,Player Area Setup:,"8- Draw 8 cards from the Draw Deck; this is your Hand. Do not reveal your Hand to other players.
9- Draw 1 additional card from the Draw Deck and place it face down in your player area; this is your Discard Pile. ",,,,,,
https://boardgamegeek.com/thread/2623795/about-iron-consumption,"Italian rules state:""To consume iron, an industry doesn't has to be linked to an iron source"".It sounds as it's forbidden to drop an industry requiring iron if it is linked to an iron source. I think that Italian translator was wrong, and he had to translate:"" To consume iron, an industry doesn't need to be linked."" Am I right?","The English rulebook is clear: an industry may consume iron, whether or not it is linked to that iron source.",CONSUMING IRON:,"To consume iron, an Industry tile does not need a connection to a source of iron.",,,,,,
https://boardgamegeek.com/thread/2253988/so-all-spaces-in-the-market-are-available-after-th,"So, all spaces in the coal/iron market are available after the set-up?","Yes, the market starts with one demand (empty space) for coal, and 2 demands for Iron. Just remember that moving coal/iron coal only moves to the market if connected to by canal/rail. Moving coal/iron is done by filling the available spaces in the market. No where in the rules does it say don't use these spaces.",Moving Coal and Iron to the Market:,"If you build either a:
Coal Mine that is connected to any Merchant space with double arrows symbol (even those without Merchant tiles); Or Iron Works, regardless of whether or not it is connected to a Merchant space:
1- You must immediately move as many cubes as possible from the Industry tile to available spaces in its associated Market (filling the most expensive spaces first).",,,,,,
https://boardgamegeek.com/thread/3199122/can-i-use-mix-market-slot-instead-of-dedicated-one,Can I use both beers in the same market?,"A single sale only goes to one merchant showing the good you are selling. The beer is specific to the merchant. Hence, you can only use one merchant beer and you will need to provide the second beer from a brewery (your own or, if connected, another player's). You can never use two merchant beers to flip one industry tile.",To perform the Sell action:,"3- Consume the required amount of beer, shown in the top right corner of the Industry tile. If there is a beer barrel on the space beside the Merchant tile you are selling to, you may consume this beer as part of the Sell action.","When multiple beer barrels are required, each beer may be consumed from a different source.","Beer may be consumed from any of the following sources:
1- Your unflipped Breweries. 
These do not need to be connected to the location where the beer is required.
2- An opponent’s unflipped Brewery. These must be connected to the location where the beer is required.
3- The space beside a Merchant tile that you are selling to (see “Action - Sell”)",,,,
https://boardgamegeek.com/thread/2286420/do-merchant-squares-expand-your-network,"If I for my first action to build a coal mine in Redditch, and connect it to Oxford, then later connect another link to Birmingham from Oxford, would I be able to use the Redditch-Oxford-Birmingham link to transport coal from my Redditch mine to the iron refinery I'm attempting to build in Birmingham?","Since they are all locations, you can connect through them.",Two locations are considered “connected” to each other if you can trace a route of Link tiles (owned by any player) from one location to the other.,,,,,,,
https://boardgamegeek.com/thread/2323092/perform-the-same-action-twice,"The rulebook said ""For each action, you may choose to perform one of the following (you may perform the same action twice):""  So question: all action that can be a single double can be doubled? Or to perform the ""same action twice"" is consume all of my two action per turn?","No. All it means by ""the same action twice"" is your turn can be composed of the same action twice. Meaning your second action does not have to be different from first action for that turn.","On your turn, perform a total of 2 actions.
Exception: During the first round of the Canal Era, each player performs only 1 action.","You can perform the same action twice in a turn. For instance, you may place 1 or 2 rail Links with the Network action, then use the Network action again to place 1 or 2 rail Links.",,,,,,
https://boardgamegeek.com/thread/2134167/scout-discard-2-or-3-cards,"On the player aid card, it says a scout action takes 2 cards. The rulebook says 3. Which is correct?","Both. You play a card for the Scout action. Then discard 2 cards (to ""make room"" for the 2 wilds). You pick up a wild location and wild industry card (2 for the exchange for wilds and 1 card for the action itself). The player aid says to discard 2 cards, but I guess it means in addition to the card to play the action. It could’ve been written much less ambiguously.","To perform the Scout action:
1- Discard any card from your Hand, plus 2 additional cards and place them face up onte your Discard Pile.
2- Take 1 Wild Location and 1 Wild Industry card.",,,,,,,
https://boardgamegeek.com/thread/3189785/overbuilding-action-questions,"Overbuilding is also an action, so you have to pay by discarding a card?","Yes, it's part of the build action.","Build Action:
","- Overbuilding:
Sometimes you are allowed to replace an already placed Industry tile with a higher level tile of the same industry type (you must still pay the necessary build costs). ",,,,,,
https://boardgamegeek.com/thread/2057295/can-we-overbuild-in-canal-era,Can we overbuild in canal era?,Yes you can.,THINGS TO REMEMBER:,"You may Overbuild any of your 
Industry tiles without restriction.",,,,,,
https://boardgamegeek.com/thread/2259773/is-oxford-a-location-link-token-problem,Is Oxford a location ?,"Yes. All market towns are locations, though the rules aren't as clear on that as they should be.",,,,,,,,
https://boardgamegeek.com/thread/2788947/have-i-misinterpreted-the-canalrailway-network-con,Can you continue a network by going through an 'empty' town?,You can build a network through an empty town.,To perform the network action:,Place a Link tile on an undeveloped line on the board. The placed Link tile must be adjacent to a location that is a part of your network (see “Your Network”).,"A location on the board is considered to be a part of your network if at least one of the following is true:
- The location contains one or more of your Industry tiles;
- The location is adjacent to one or more of your Link tiles",,,,,
https://boardgamegeek.com/thread/2075745/questions-after-playing-canal-era-first-game,We were having trouble keeping up with how many actions we had taken and whose turn it was. Do you have any tips on how to keep track of this during the learning phase?,"You shouldn't have any issues if you put down your two cards one at a time as you're performing your actions, then once you've done your two, put them both in your discard pile.","For each action you perform, you must discard a card from your Hand and place it face up on top of your Discard Pile.","After all of your actions have been completed, refill your Hand back up to 8 cards with cards from the Draw Deck.",,,,,,
https://boardgamegeek.com/thread/2036602/link-symbol,"Can someone explain the ""link"" symbol (black hexagon with white bars between)?",Every link connecting to that city gains points equal to the number of link symbols showing.,END OF CANAL & RAIL ERA:,"For each of your Link tiles, score 1 VP for each symbol (black hexagon with white line in it) displayed in adjacent locations.",,,,,,
https://boardgamegeek.com/thread/2801324/end-of-canal-era,"If I have unflipped buildings, what happens to the resources on them?","End of Canal era, you remove all Canal links and all level 1 building, regardless of flipped or unflipped, having/not having resources. All the remaining (level II and above) buildings are left as is (flipped/unflipped, have/not have resources)",End of Canal Era:,"Remove all level 1 Industry tiles from the board (not from Player Mats), and return them to the box. All level 2 or greater Industry tiles remain on the board.",,,,,,
https://boardgamegeek.com/thread/2064282/pottery-industry,"I noticed the level 1 pottery industry does not have a canal era only indicator on it. Does that mean you can build it in the rail era, since you cannot delevop it away?","Yes. It will still be cleared off the board like other level 1s at the end of the Canal era if you build it early, but unlike the others if you don't build it there is the option to build it in Rail.","Unlike the other level 1 Industry tiles, the level 1 Pottery tile may be built during the Rail Era.",Pottery tiles that show a crossed out lightbulb icon may not be developed. These tiles may only be removed from your Player Mat through use of the Build action.,,,,,,
https://boardgamegeek.com/thread/2041957/money-equal-vp,I am not seeing End of Rail Era rules when it comes to money in the rule book. In Lancashire every 10 = 1vp. Is that not the same in Birmingham?,"No, it's not. Money is the second tiebreak, after income, and that's all it is. That's why there's no restriction on taking loans in the endgame, unlike in Lancashire.","WINNING THE GAME
After Performing Rail Era Scoring:
- The player with the most VPs is declared the winner.
- Ties are broken, first by the highest income, and then by the most money remaining.
- If still tied, those players draw.",,,,,,,
https://boardgamegeek.com/thread/3183252/sell-coal-after-network,Is a three-hour playtime normal for this game?,3 hours is normal. It's really hard to get a 4 player game done in under 2 even when everyone is very experienced.,,,,,,,,
https://boardgamegeek.com/thread/2590016/public-knowledge,I was wondering if how much money a player had was public knowledge. Can I hide a few chips to throw off my competitive opponents?,All money is public knowledge.,PLAYER AREA SETUP:,2- Take £17 from the Bank,"Spending Money: Any time you spend money to perform an action, you must place it on top of your Character tile.",END OF ROUND:,"Take money from the Bank equal to your income level.","If your income level is negative, you must pay that amount of money to the Bank.",,
https://boardgamegeek.com/thread/2345398/factories-rebuilding,"Have a question if I must drop the card, when rebuild the factory, or not?","If you refer to overbuilding an own industry tile, the old one is removed from the game.",Overbuilding:,"Remove overbuilt Industry tiles from the game, and return them to the box (they will not score VPs). Players do not lose previously gained income or VPs if their Industry tiles are overbuilt.",,,,,,
https://boardgamegeek.com/thread/2874746/negative-income-and-turn-order,"When paying for a negative Income, where does the money go, to the Bank or on the Turn Order track?","To the bank. See page 6 under ""2 take Income"" (English rules).","If your income level is negative, you must pay that amount of money to the Bank.",,,,,,,
https://boardgamegeek.com/thread/2704599/overbuilding-breweries,"Can you overbuild your own breweries with tiles from the same level? In other words, can you overbuild your level 1 brewery with another level 1 brewery, or does it have to be a level 2?","No, you can only overbuild an industry with one of higher level.",Overbuilding: Sometimes you are allowed to replace an already placed Industry tile with a higher level tile of the same industry type (you must still pay the necessary build costs).,,,,,,,
https://boardgamegeek.com/thread/3184905/scoring-links-3-player-merchant-stations-in-a-2-pl,"I played with 2 players and build a rail link between Derby and Nottingham Merchant Station. In the final score, do I get the 2 link point for connection to Nottingham station (states 2 links signs), or do they not apply because it is a 2-players game?",You get the Link points regardless. ,END OF CANAL & RAIL ERA:,"For each of your Link tiles, score 1 VP for each symbol (black hexagon with white line in it) displayed in adjacent locations.",,,,,,
https://boardgamegeek.com/thread/2324846/an-easier-way-to-explain-connection-consumption-ne,What determines if two locations are connected in Brass: Birmingham?,"Two locations are connected if you can ship from one location to the other via boat or train, regardless of who owns the boat or train.",Two locations are considered “connected” to each other if you can trace a route of Link tiles (owned by any player) from one location to the other.,,,,,,,
https://boardgamegeek.com/thread/2091368/repeating-sell-action,"Repeating this action after selling an industry, can it be done with any industry connected to any appropriate merchant?","Basically, you can perform as many sells as you are able to within one sell action. But each sell has to be resolved individually. so, each tile you want to flip needs to be appropriately connected to the right market, and you must supply the right amount of beer for each one.","To perform the Sell actions:
1- Discard any card from your Hand and place it face up onto your Discard Pile.
Exception: Wild cards are placed back onto their Card Draw Area.

2- Choose 1 of your unflipped Cotton Mill, Manufacturer, or Pottery tiles, that is connected to a Merchant tile featuring that industry's icon.

3- Consume the required amount of beer, shown in the top right corner of the Industry tile. If there is a beer barrel on the space beside the Merchant tile you are selling to, you may consume this beer as part of the Sell action, and collect the Merchant beer bonus (see “Merchant Beer Bonuses”).

4- Flip the Industry tile and advance your Income Marker along the Progress Track by the number of spaces shown in the bottom right corner of the tile.

5- You may go back to step 2 repeat the process for each of your unflipped Industry tiles (including those of a different industry).",,,,,,,
https://boardgamegeek.com/thread/2417216/pottery-tile-no-rail-era,Does the Pottery I score points at the end of the game?,A Pottery I built in the Canal Era is scored (if flipped) and always removed at the end of the Canal Era. A Pottery I built and flipped in the Steam Era is scored at the end of the Steam Era.,END OF CANAL & RAIL ERA:,"1- Score Canal/Rail Links
For each of your Link tiles, score 1 VP for each symbol (black hexagon with white borders and a white line in it) displayed in adjacent locations, by advancing your VP Marker along the Progress Track. Remove Link tiles from the board as they are scored.

2- Score Flipped Industry Tiles
After all players have removed their Link tiles, score the VPs shown in the bottom left corner of your flipped Industry tiles (those with a black top half) on the board, by advancing your VP Marker along the Progress Track. Unflipped Industry tiles do not score.",,,,,,
https://boardgamegeek.com/thread/2788947/have-i-misinterpreted-the-canalrailway-network-con,Can a canal/rail network be extended by passing through a town that is occupied by another player?,"Yes. If you have canal/rail going into the town, you can build canal/rail going out of one of the other paths.",To perform the network action:,Place a Link tile on an undeveloped line on the board. The placed Link tile must be adjacent to a location that is a part of your network (see “Your Network”).,"A location on the board is considered to be a part of your network if at least one of the following is true:
- The location contains one or more of your Industry tiles;
- The location is adjacent to one or more of your Link tiles",,,,,
https://boardgamegeek.com/thread/3157423/can-you-overbuild-your-own-disconnected-farm-brewe,Can you overbuild your own disconnected farm breweries?,"Sure, as long as you have a brewery or a wild industry card. The farm location is part of your network.",Overbuilding:,Sometimes you are allowed to replace an already placed Industry tile with a higher-level tile of the same industry type (you must still pay the necessary build costs). This is known as Overbuilding. ,"If the tile you are replacing is your own:
- You may Overbuild any Industry tile.
- If there are any iron / coal / beer on the tile being replaced, place them back into the General Supply.","A location on the board is considered to be a part of your network if at least one of the following is true:
- The location contains one or more of your Industry tiles;
- The location is adjacent to one or more of your Link tiles",,,,
https://boardgamegeek.com/thread/2901920/which-comes-first-the-coal-or-the-railroad,I am restricted to building new industries based on what card locations are in your hand. What if you don't have any cards that allow you to build a coal mine? Or build an industry on a location adjacent to a Coal market?,You may use coal from other players' mines. The Scout action is always a way out.,"Coal must be consumed from:
1- The closest (fewest Link tiles distant) connected unflipped Coal Mine (owned by any player).","SCOUT ACTION:
Performing the Scout action allows you to acquire Wild cards, which provide increased flexibility in where you may build.","To perform the Scout action:
1- Discard any card from your Hand, plus 2 additional cards and place them face up onte your Discard Pile.
2- Take 1 Wild Location and 1 Wild Industry card.",,,,,
https://boardgamegeek.com/thread/2080867/nottingham-market-still-avail-if-playing-with-less,Nottingham market still available if playing with less than 4 players for buying and selling iron and coal?,"Yes, it's there, It's still a merchant location!","Moving Coal and Iron to the Market:
- If you build either a: Coal Mine that is connected to any Merchant space double arrows symbol (even those without Merchant tiles);
Or
- Iron Works, regardless of whether or not it is connected to a Merchant space.",Coal must be consumed from:,"2- If you are not connected to an unflipped Coal Mine, you can purchase coal from the Coal Market.","This requires a connection to a double arrow icon (shown on the Warrington, Shrewsbury, Nottingham, Gloucester, and Oxford Merchants around the edge of the board).","To consume iron, an Industry tile does not need a connection to a source of iron.
Iron must be consumed from:","2- If there are no unflipped Iron Works, you can purchase iron from the Iron Market.",,
https://boardgamegeek.com/thread/2201915/consuming-beer-from-different-merchants,Is it legal to make a sell action and use two barrels from different merchants and getting both bonuses?,"No, you may not use beer from two separate market locations. A sale is made to precisely one market. Any beer required for the sale must come from that market or from breweries on the board (connection required if a different player's brewery).",Beer may be consumed from any of the following sources:,3- The space beside a Merchant tile that you are selling to (see “Action - Sell”).,,,,,,
https://boardgamegeek.com/thread/2714423/when-we-build-iron-factory-and-supplier-is-out-of,"When we build iron factory, and supplier is out of iron, is it okay to use other replacement?",All resources are effectively unlimited. If you run out of Iron or Coal cubes from the general supply.,"Note: The General Supply is limitless. If you need more of a resource, represent it with something else.",,,,,,,
https://boardgamegeek.com/thread/2295948/coal-and-markets-and-also-question-about-end-of-ca,"When consuming Coal from the Coal Market and Moving Coal to the Market, the rulebook mentions that you require a connection to one of those double-arrow icons. Does this include only the icons associated with a Coal icon (which are the ones printed on the board: Warrington, Shrewsbury, Nottingham, Gloucester, Oxford), or does this also include the icons printed on the Merchant Tokens (which display different goods)?","The double arrow icons are the same locations at the places for demand tiles. Yes, you need a connection to a double arrow to buy/sell coal to the market.",Coal must be consumed from:,"2- If you are not connected to an unflipped Coal Mine, you can purchase coal from the Coal Market, starting at the cheapest price. This requires a connection to a double arrows icon (shown on the Warrington, Shrewsbury, Nottingham, Gloucester, and Oxford Merchants around the edge of the board).","Moving Coal and Iron to the Market:
If you build either a: Coal Mine that is connected to any Merchant space with double arrows symbol (even those without Merchant tiles);",1- You must immediately move as many cubes as possible from the Industry tile to available spaces in its associated Market (filling the most expensive spaces first).,,,,
https://boardgamegeek.com/thread/2123703/start-of-rail-era-question,"In other words, to buy from the market, must my connection to the market exist before building the link or is it enough to have the connection to the market exist AFTER the build is complete?",It is after the build.,"To consume coal, a rail Link or Industry tile 
must be connected to a source of coal (after it is placed).",,,,,,,
https://boardgamegeek.com/thread/3237904/what-is-the-order-of-coal-consumption-of-the-two-r,What is the order of coal consumption of the two railways?,"So you do it in two steps: 
1. Place the first rail link, then consume 1 coal connected to it. 
2. Place the second rail link, then consume 1 coal and 1 beer connected to it (or from anywhere if it's your own brewery).","In a single Network action, you may build a maximum of 2 rail Links for £15, if you also consume 1 beer. This beer must be consumed from a Brewery (not a Merchant beer).
Remember: If consuming beer from another player’s Brewery, it must be connected to the second rail Link (after it is placed)","You must consume 1 coal for each rail Link built (see “Consuming Coal”)
Remember: Each rail Link is placed
separately and must be connected to a source of coal (after it is placed).",,,,,,
https://boardgamegeek.com/thread/2319231/overbuilding-flipped-tiles,"If I overbuild a flipped tile, do I lose out on any points that I would have otherwise scored for that overbuilt tile at the end of the current era? Or do I score the points immediately at the time of overbuilding?","You lose them. Overbuilt tiles (whether yours or an opponent's) do not score any VP, because they cease to exist.","Remove overbuilt Industry tiles from the game, and return them to the box (they will not score VPs). Players do not lose previously gained income or VPs if their Industry tiles are overbuilt.",,,,,,,
https://boardgamegeek.com/thread/3204567/very-basic-question-re-industry-vs-manufacture,How to distinguish the industries and manufacturers tiles?,Manufactured Goods is the name for the industry represented by boxes. All square tiles are industries.,,,,,,,,
https://boardgamegeek.com/thread/2042995/building-when-you-have-no-tiles-on-the-board,"If you have no tiles on the board and build an industry or link, do you still pay the usual costs?","Yes, of course. That also includes needing a source of coal.",To Perform the Build Action:,"3- The cost of the Industry tile you are building is displayed, to the left of its slot, on your Player Mat. Pay money onto your Character tile on the Turn Order Track, and consume any required iron and coal.",,,,,,
https://boardgamegeek.com/thread/2060177/small-questions-regard-beer-and-coal-consumption,When performing the double-rail action is the beer paid before or after the connections are made?,"The rules say the second rail link must be connected to an opponent's beer after it is built if you need to use an opponent's beer. If you use your own, it obviously doesn't matter.","In a single Network action, you may build a maximum of 2 rail Links for £15, if you also consume 1 beer. This beer must be consumed from a Brewery (not a Merchant beer).
Remember: If consuming beer from another player’s Brewery, it must be connected to the second rail Link (after it is placed)",,,,,,,
https://boardgamegeek.com/thread/2747097/brass-birmingham-building,"If someone has placed a coal industry at some city in their first turn and now i build a canal to that same city in the first turn (Since it's the first turn of the game we both get only one turn and can build anywhere without requiring it to be within our network). On my next turn (I'm playing first since I spent the least), I build an industry on the same city and place another canal on another route, thus blocking my opponent from expanding their network any further. Is this allowed and if it is how does my opponent proceed with the game since there is nothing to build that would be connecting (or expanding) to her network.","It is allowed.  Note that your opponent can always build with a location card, so your opponent can use a location card or scout for wild cards, to build another coal mine or other industry elsewhere. Also, your opponent is still connected to the coal induastry through your link.",Two locations are considered “connected”  to each other if you can trace a route of Link tiles (owned by any player) from one  location to the other,"Location card:
May be used to build any Industry tile at the location named on the card, even if the location is not a part of your network.

Wild Location card:
May be played as any Location card. This does not include the 2 Farm Breweries (see """"Farm Breweries"""").

Wild Industry card:
May be played as any Industry card.",,,,,,
https://boardgamegeek.com/thread/2635984/basic-rule-confirmation,What is the point of building in areas not considered for a gameplay (2/3 P) when it is out of bounds?,"They still work as normal, so they still produce resources, income, points and link points. They are just a bit harder to reach, but they might be attractive if it means that you can flip one or two additional tiles","At the end of each era, flipped Industry tiles score VPs. When flipped, they have a black top half and a VP icon in the bottom left corner.",Whenever one of your Industry tiles is flipped your income is increased.,,,,,,
https://boardgamegeek.com/thread/2466864/how-can-the-picture-on-page-8-of-the-rulebook-be-c,"On page 8 of the rulebook you see that yellow has placed a beer industry on the farm just west of Cannock. However there is no link to Cannock, so how can this be a legal placement?",The only way that brewery could be there is if Yellow had used a brewery industry card to build there as her first play.,"Building If You Have No Tiles on the Board:
If you have no Industry or Link tiles on the board, you may also (as an action) discard:
- An Industry card to build the matching Industry tile in any location with an undeveloped space displaying that industry’s icon;",Farm Breweries:,You may only build in these locations using a Brewery Industry card or a Wild Industry card.,,,,,
https://boardgamegeek.com/thread/2056115/few-questions-on-rules,Can you take more then 2 wild cards during an era?,Sure. I don't think there is a restriction of not having a wild in your hand. ,"To perform the Scout action:
1- Discard any card from your Hand, plus 2 additional cards and place them face up onto your Discard Pile.
2- Take 1 Wild Location and 1 Wild Industry card.
Note: You may not perform this action if you already have a Wild card in your Hand.",,,,,,,
https://boardgamegeek.com/thread/2856283/where-consume-coal-when-connected-via-merchant,Which of them to apply? The principle of always buying coals from the board before merchant when possible or the one of buying coals from the nearest location when possible?,"You need to buy from the closest coal mine if possible, not from the closest location.",Coal must be consumed from: 1- The closest (fewest Link tiles distant) connected unflipped Coal Mine,"2- If you are not connected to an unflipped Coal Mine, you can purchase coal from the Coal Market",,,,,,
https://boardgamegeek.com/thread/3185973/2-fragen-topferei-plus-verbindungen-bauen-ohne-eig,"If I build a connection to a place where only the opponent has buildings, am I allowed to continue building connections from that place, even if I don't have my own building there?","yes, one of your connections to a location is enough to build further connections ""away"" from that location.",To perform the network action:,Place a Link tile on an undeveloped line on the board. The placed Link tile must be adjacent to a location that is a part of your network (see “Your Network”).,"A location on the board is considered to be a part of your network if at least one of the following is true:
- The location contains one or more of your Industry tiles;
- The location is adjacent to one or more of your Link tiles",,,,,
https://boardgamegeek.com/thread/2075745/questions-after-playing-canal-era-first-game,"If you flip tiles above Level 1 in Canal Era, are they removed from the board for Railway Era, or are they flipped back over to be run again?","Tiles above Level 1 shouldn't be touched. Leave them on the board exactly as they are. So, in other words, for Level 2 and above, do not flip them back and do not remove them.",End of Canal Era:,*All level 2 or greater Industry tiles remain on the board.,,,,,,
https://boardgamegeek.com/thread/2480682/coal-market-question-and-selling-manufactured-good,"I think only 2 manufactured goods tiles do not have a barrel pictured on them. This means I do not need to consume a beer when selling those buildings, correct?","Correct, you never consume Beer when selling these. You don't get a merchant bonus when selling these manufactured goods since you don't consume the beer from the merchant.","CONSUMING BEER:
You may be required to consume beer when selling cotton, manufactured goods, or  pottery; or when performing the Network action during the Rail Era. The amount required, if any, will be shown in the top  right corner of the Industry tile.",,,,,,,
https://boardgamegeek.com/thread/2138353/can-one-take-a-loan-at-any-time-in-the-game,Can one take a loan at ANY time in the game?,"Not strictly true. You take a loan on YOUR turn, it costs an Action.","For each action, you may choose to perform one of the following (you may perform the same action twice):","5- Loan - Take a £30 loan from the Bank, and move your Income Marker 3 income levels (not spaces) backwards",,,,,,
https://boardgamegeek.com/thread/2048724/two-links-network-action-in-the-rail-era-and-acces,"Double rail action, can I build the Link in a connection without access to an opponent's Brewery and a second Link, not communicated with the first, but with access to an opponent's Brewery?","No, just the second link. To be explicit, the first link must be connected to coal after it is built and before the second link is built. The second link must be connected to coal after it is built. If you do not have a brewery of your own, the second link must be connected to beer (but not a Merchant’s beer) after it is built.",To perform the Network Action:,Place a Link tile on an undeveloped line on the board. The placed Link tile must be adjacent to a location that is a part of your network (see “Your Network”).,"A location on the board is considered to be a part of your network if at least one of the following is true:
- The location contains one or more of your Industry tiles;
- The location is adjacent to one or more of your Link tiles","In a single Network action, you may build a maximum of 2 rail Links for £15, if you also consume 1 beer. This beer must be consumed from a Brewery (not a Merchant beer).
Remember: If consuming beer from another player’s Brewery, it must be connected to the second rail Link (after it is placed)","You must consume 1 coal for each
rail Link built (see “Consuming Coal”)
Remember: Each rail Link is placed
separately and must be connected to a
source of coal (after it is placed).",,,
https://boardgamegeek.com/thread/2061415/general-rule-questions,What happens with breweries if I have used them?,Breweries are flipped when all the beer on them is used up.,FLIPPING INDUSTRY TILES,"Coal Mines, Iron Works, and Breweries: Flip when the last resource is removed from the tile. ","Whenever one of your Industry tiles is flipped your income is increased. To increase your income, immediately advance your Income Marker along the Progress Track by the number of spaces (not income levels) shown. ",,,,,
https://boardgamegeek.com/thread/2058981/questions-about-negative-income-two-action-start-i,"the rules say you can't take a scout action with any wilds in hand but it also says discard any card from your hand. We had a player on our last game discard a wild as one of the three cards discarded, and draw back up two wild cards. Is this legal?",Note: You may not perform this action if you already have a Wild card in your Hand.,Exception: You may not perform this action (Scout Action) if you already have a Wild card in your Hand.,,,,,,,
https://boardgamegeek.com/thread/2056344/thematic-reasons-for-the-free-consumption-of-coal,How can I logically and thematically explain/understand why we will consume the coal/iron/beer from other players' factories without paying them anything for it?,"I wouldn’t say it’s thematic per se, but the game features economic abstractions. Your railways benefit the coal mines of other players. This increases their profits and yours. Exploiting the interdependency of industries is what you are doing, not managing the balance sheet of individual transactions. The details of how much might be paid for actual goods are abstracted into the game. Explicitly, when tiles flip, they don’t stop making money - the ongoing profits are now part of your game income level.",FLIPPING INDUSTRY TILES,"At the end of each era, flipped Industry tiles score VPs. When flipped, they have black top half and a VP icon in the bottom left corner.","Coal Mines, Iron Works, and Breweries: Flip when the last resource is removed from the tile. ",Whenever one of your Industry tiles is flipped your income is increased.,,,,
https://boardgamegeek.com/thread/2469057/thematic-rules-explained-brum-edition,What if you have no industries or links on the map?,"If you have no industries or links on the map, you may use an industry card to build in any legal city, or any card to build a link. Think of it as picking a hometown.","Building If You Have No Tiles on the Board
If you have no Industry or Link tiles on the board, you may also (as an action) discard:
- An Industry card to build the matching Industry tile in any location with an undeveloped space displaying that industry’s icon;
- Any card to build a Link tile on any undeveloped line on the board.",,,,,,,
https://boardgamegeek.com/thread/2549750/2-quick-questions,"Player number 1 has C location card. For this situation, can player number 1 build at location C?","Yes, that's correct (assuming other build conditions such as coal connectivity are met)","Location card:
May be used to build any Industry tile at the location named on the card, even if the location is not a part of your network.",,,,,,,
https://boardgamegeek.com/thread/2555467/question-about-develop-action,Removing 2 tiles with 1 card is all in 1 action?,"It's one action: one card for removing of one or two tiles, paying one iron for each removed tile.",To perform the Develop action:,"2- Remove 1 or 2 Industry tiles from your Player Mat, and return them to the box.",3- Consume 1 iron for each tile removed.,,,,,
https://boardgamegeek.com/thread/3250642/can-wild-city-cards-be-literally-any-city-on-the-m,"Can Wild City cards be literally any city on the map, even in a 2 player game?",Yes to those examples. Only place a wild city can't build is the two farm beer locations (with no city designation on them).,Note: In 2/3-player games you may still build in any location.,"Wild Location card:
May be played as any Location card. This does not include the 2 Farm Breweries (see “Farm Breweries”)","Wild Industry card:
May be played as any Industry card.",,,,,
https://boardgamegeek.com/thread/2041083/overbuilding-clarity-question,"The rules state that ""Sometimes you are allowed …"" to overbuild. However, I can find nothing in the rules that states what ""sometimes"" mean?","The rule is you can always overbuild your own industries if the conditions are met. You can overbuild other players' Iron Works or Coal Mines, but only if there are no cubes of the corresponding resource on the board (including in the market). You can never overbuild opponents' other industries.","Overbuilding:
Sometimes you are allowed to replace an already placed Industry tile with a higher-level tile of the same industry type (you must still pay the necessary build costs).This is known as Overbuilding.","If the tile you are replacing is your own:
- You may Overbuild any Industry tile.
- If there are any iron / coal / beer on the tile being replaced, place them back into the General Supply.
If the tile you are replacing is owned by an opponent:
- You may Overbuild only a Coal Mine or an Iron Works.
- There must be no resource cubes on the entire board, including in its Market, of the same type as the Industry tile being replaced.",,,,,,
https://boardgamegeek.com/thread/2042881/drawing-a-new-hand-at-the-start-of-the-rail-era,Can someone confirm that sections 8 and 9 of Player Area Setup apply when replenishing your hand at the start of the Rail Era?,"No, Every player gets 8 cards, but you don't seed your discard pile with 1 face down card. Also, the rail era starts with 2 actions each, not 1. ","On your turn, perform a total of 2 actions.
Exception: During the first round of the Canal Era, each player performs only 1 action.",END OF CANAL ERA:,5- Shuffle Draw Deck,"Remember: The bottom card of each Discard Pile will be face down, and need turning over before shuffling. (Don’t start the Rail Era with a card face down in your discard).",,,,
https://boardgamegeek.com/thread/2907919/if-unable-to-pay-negative-income-and-no-factories,"If one has negative income and they still don't have enough money after selling all of their factories, what happens then?","It is forgiven, after selling the building at half cost and paying as much as he can, and then losing VP, he doesn't have to pay anymore. By the way, It's rare to encounter this situation.",END OF ROUND:,"If you have a shortfall when paying negative income, you must acquire money by removing one or more of your Industry tiles (not Link tiles) from the board.","If you have no way to pay a shortfall, lose 1 VP (if possible) for each £1 you are short.",,,,,
https://boardgamegeek.com/thread/2318410/overbuilding-clarification-help,I have Level 3 Iron that I can play with. Can I overbuild my level 3 iron card on enemy level 3 or 4 iron cards? or must the enemy iron card be below the level of my iron card?,Your Iron must be higher than the one you are displacing.,Overbuilding:,Sometimes you are allowed to replace an already placed Industry tile with a higher-level tile of the same industry type (you must still pay the necessary build costs). This is known as Overbuilding,"If the tile you are replacing is owned by an opponent:
- You may Overbuild only a Coal Mine or an Iron Works.
- There must be no resource cubes on the entire board, including in its Market, of the same type as the Industry tile being replaced.",,,,,
https://boardgamegeek.com/thread/2730732/fewer-cards-than-others-and-end-of-the-canal-era,How can you prevent forgetting to discard cards?,"Play your two action cards face up in front of you each round, then it should not happen that you forget to discard those and get two no cards.","For each action you perform, you must discard a card from your Hand and place it face up on top of your Discard Pile.",SCOUT ACTION:,"Discard any card from your Hand, plus 2 additional cards and place them face up onto your Discard Pile.",,,,,
https://boardgamegeek.com/thread/3262731/rail-era-network-2-rail-links,Isn't it the correct way that if you built the 2nd rail link it would continue from the 1 rail link placed in some direction on that part of your network?,My understanding is you do one build. Then you do a second build. Then you pay a Beer for privilege of building two. Nothing says that the links have to be anywhere near each other.,"In a single Network action, you may build a maximum of 2 rail Links for £15, if you also consume 1 beer.","Remember: If consuming beer from another player’s Brewery, it must be connected to the second rail Link (after it is placed)","Remember: Each rail Link is placed
separately and must be connected to a
source of coal (after it is placed).",,,,,
https://boardgamegeek.com/thread/2590016/public-knowledge,Are we allowed to look through the discard pile to see what has been played?,"Players should share what cards they have played in the current round, should their opponents ask. But they do not need to share what was played in previous rounds, because that would be insanely annoying and cause the game to drag heavily.  Of course, if your group prefers it another way, you are free to house rule.",PLAYER AREA SETUP:,9- Draw 1 additional card from the Draw Deck and place it face down in your player area; this is your Discard Pile,"For each action you perform, you must discard a card from your Hand and place it face up on top of your Discard Pile.",SCOUT ACTION:,"Discard any card from your Hand, plus 2 additional cards and place them face up onto your Discard Pile.",,,
https://boardgamegeek.com/thread/2414141/stupid-question,How many networks can you have?,"Well, the rules refer to all the locations that either have one of your buildings or one of your links going into them as “your network”, singular. So technically, you really can only have one network but it can consist of unconnected parts.","A location on the board is considered to be a part of your network if at least one of the following is true:
- The location contains one or more of your Industry tiles;
- The location is adjacent to one or more of your Link tiles",,,,,,,
https://boardgamegeek.com/thread/2701272/question-about-build-action,Am I correct that you can build an industry tile in any city that is part of your network or must you always play the location card for that city?,You must have the correct industry card you want to build to be able to build in your own network. Discard the industry card and build the corresponding industry tile.,"Industry card:
May be used to build the Industry tile matching an icon shown in the top corner of the card, in a location that is a part of your network.
Wild Industry card:
May be played as any Industry card.",,,,,,,
https://boardgamegeek.com/thread/3049960/sell-action,Is this always true that selling one industry is usually an efficiency failure?,"With time you'll notice that the most scarce and valuable resource you have are your actions. So it tends to be better to make multiple sales with a single Sell action, and to build two railroad links with a single Network action. All within reason, though. Sniping a free beer from an opponent to block them from making a sale when they're strained for cash is a circumstance worth considering. Depending on the scenario, you're better off closing a sale to flip an industry or industry + brewery tiles so that the added income open up your game in the following rounds.There's no ""always true"" here. Just a damn strong tendency.",,,,,,,,
https://boardgamegeek.com/thread/2032357/uttoxeter,"In the rulebook it says blue and teal cards are out in 2 player and only teal at 3 players. However there are two uttoxeter blue card and one of them says 3-4 and the other only 4, was wondering if it was intentional or not?","It's intentional. Blue is out of the 2 players, but in for the others.",BOARD SETUP:,"2- For a player count of less than 4, remove all cards and Merchant tiles that show a player count greater than your number of players, and return them to the box. 
The 2-player (2 avatar icons), 3-player (3 avatar icons), and 4-player (4 avatar icons) counts are shown in the bottom right corner on the front of the cards and along the top of the merchant tiles.",LOCATION BANNERS,"2 players: blue and teal coloured Location cards are not in the Draw Deck.
3 players: teal coloured Location cards are not in the Draw Deck.
4 players: all Location cards are in the Draw Deck.",,,,
https://boardgamegeek.com/thread/2043414/merchant-beer-bonuses,The specific merchant bonus is available for all the players that sell there or only for the first one?,"The bonus is tied to consuming the merchant's beer, so it happens only once per era for each merchant at the location.",SELL ACTION:,"If there is a beer barrel on the space beside the Merchant tile you are selling to, you may consume this beer as part of the Sell action, and collect the Merchant beer bonus.",Consumed beer barrels are placed back into the General Supply,,,,,
https://boardgamegeek.com/thread/2928102/can-two-players-put-a-link-on-the-same-canal,Can two players put a link on the same canal?,"No, one link tile per line. This is addressed on Page 11 under Network Action, Step 2: Place a Link tile on an undeveloped line on the board.",NETWORK ACTION:,Place a Link tile on an undeveloped line on the board.,,,,,,
https://boardgamegeek.com/thread/2396705/selling-by-consuming-opponent-beer,"When selling, let's say cotton, by using opponent beer, should it be connected to the market or to the cotton mill you are selling from?","In order to sell the cotton, it must be connected to the market. If the beer is connected to one, it is connected to the other.",Beer may be consumed from any of the following sources:,2- An opponent’s unflipped Brewery. These must be connected to the location where the beer is required.,Two locations are considered “connected” to each other if you can trace a route of Link tiles (owned by any player) from one location to the other.,,,,,
https://boardgamegeek.com/thread/2039509/overbuilding-multiple-questions,"When a coal mine, iron works, or brewery is overbuilt, are new commodity counters placed, just as if a new tile were built from scratch?","Yes, you fill the new factory with goods like you would in a normal build.","If you built:
- A Coal Mine or Iron Works:
Place coal or iron (from the General Supply) onto the Industry tile, equal to the quantity shown in the bottom right corner of the tile.
- Brewery:
Place 1 beer barrel on the Industry tile if it is built during the Canal Era, or 2 beer barrels if it is built during the Rail Era. ",BUILD ACTION:,Overbuilding.,,,,,
https://boardgamegeek.com/thread/2810698/potter-ii-and-pottery-iv,"In the Spanish edition of the player boards, the price for the Pottery II and Pottery IV industries is listed as 0. Is that correct?","Yes, this is correct.",,,,,,,,
https://boardgamegeek.com/thread/2712833/overbuilding-levels,"Do you follow the usual rules as IF you were building i.e. If overbuilding your Coal, you play a coal or the matching location?","Yes, overbuilding follows normal building rules.",BUILD ACTION:,Overbuilding:,Sometimes you are allowed to replace an already placed Industry tile with a higher-level tile of the same industry type (you must still pay the necessary build costs). This is known as Overbuilding,,,,,
https://boardgamegeek.com/thread/2713347/can-lv1-pottery-build-in-rail-era,Can Lv1 Pottery Build in Rail Era?,"Yes, this is stated in the things to remember at the back of the rules","Unlike the other level 1 Industry tiles, the level 1 Pottery tile may be built during the Rail Era.",,,,,,,
https://boardgamegeek.com/thread/3124097/confirming-income-persistence-on-overbuild,Is the only way to earn VP outside of end-of-era via the particular merchant-beer bonus for those locations that give it?,It seems that the only way to earn VP outside of end-of-era is via the particular merchant-beer bonus for those locations that give it.,Merchant Beer Bonuses:,"Victory Points (Nottingham and Shrewsbury):
Advance your VP Marker along the Progress Track by the number of spaces indicated.",,,,,,
https://boardgamegeek.com/thread/2075061/wrapping-my-newbie-head-around-the-build-action-do,Building If You Have No Tiles on the Board; what are the rules?,"If you have no Industry or Link tiles on the board, you may also (as an action) discard: 
- An Industry card to build the matching Industry tile in any location with an undeveloped space displaying that industry's icon; 
- Any card to build a Link Tile on any undeveloped line on the board. Of course if the location has no access to coal, placement of Iron Works and certain other tiles is still impossible and the link would have to be to a Mine with coal, or from an external market.","Building If You Have No Tiles on the Board
If you have no Industry or Link tiles on the board, you may also (as an action) discard:
- An Industry card to build the matching Industry tile in any location with an undeveloped space displaying that industry’s icon;
- Any card to build a Link tile on any undeveloped line on the board.",To perform the Build action:,"3- The cost of the Industry tile you are building is displayed, to the left of its slot, on your Player Mat.",,,,,
https://boardgamegeek.com/thread/3189785/overbuilding-action-questions,"When you are choosing level higher tile, you can choose any level higher, if you have needed cost, even if you did not uncover higher levels on players board?","You don’t have to overbuild level I with level II. You just cannot skip level II on your player board. It’s fine if you build level II somewhere else or develop it away, and then overbuild level I with level III, for example.",Sometimes you are allowed to replace an already placed Industry tile with a higher-level tile of the same industry type (you must still pay the necessary build costs). This is known as Overbuilding,To perform the build Action:,2- Take the lowest level tile of the chosen industry from your Player Mat.,Performing the Develop action allows you to remove Industry tiles from your Player Mat. This allows you to gain access to higher-level Industry tiles without having to build all of the lower-level tiles of that industry.,,,,
https://boardgamegeek.com/thread/2046221/scouting-with-one-wild-card-in-hand,The condition for the scout action?,"1. Not have any wild cards in hand.
2. Discard 3 cards. 
So you cannot do the action if you discard a wild card as your first card or If you have less than 3 cards.","To perform the Scout action:
1- Discard any card from your Hand, plus 2 additional cards and place them face up onte your Discard Pile.
2- Take 1 Wild Location and 1 Wild Industry card.
Note: You may not perform this action if you already have a Wild card in your Hand.",,,,,,,